,country_or_area,year,carbon_dioxide_co2_emissions_without_land_use_land_use_change_and_forestry_lulucf_in_kilotonne_co2_equivalent,greenhouse_gas_ghgs_emissions_including_indirect_co2_without_lulucf_in_kilotonne_co2_equivalent,greenhouse_gas_ghgs_emissions_without_land_use_land_use_change_and_forestry_lulucf_in_kilotonne_co2_equivalent,hydrofluorocarbons_hfcs_emissions_in_kilotonne_co2_equivalent,methane_ch4_emissions_without_land_use_land_use_change_and_forestry_lulucf_in_kilotonne_co2_equivalent,nitrogen_trifluoride_nf3_emissions_in_kilotonne_co2_equivalent,nitrous_oxide_n2o_emissions_without_land_use_land_use_change_and_forestry_lulucf_in_kilotonne_co2_equivalent,perfluorocarbons_pfcs_emissions_in_kilotonne_co2_equivalent,sulphur_hexafluoride_sf6_emissions_in_kilotonne_co2_equivalent,unspecified_mix_of_hydrofluorocarbons_hfcs_and_perfluorocarbons_pfcs_emissions_in_kilotonne_co2_equivalent,short_name
0,Australia,1990,278265.9,418623.05,418623.05,1424.68,118768.84,,15345.6,4607.01,211.02,,Australia
1,Australia,1991,279741.64,418674.06,418674.06,1424.68,117744.64,,14923.41,4610.74,228.94,,Australia
2,Australia,1992,284766.09,423080.11,423080.11,1333.18,116837.51,,15293.18,4603.28,246.86,,Australia
3,Australia,1993,289142.27,423764.93,423764.93,1829.87,113837.51,,15374.99,3315.53,264.76,,Australia
4,Australia,1994,293830.71,424092.96,424092.96,1027.34,110997.41,,15790.43,2164.43,282.64,,Australia
5,Australia,1995,305162.54,433478.65,433478.65,1004.03,109900.74,,15578.2,1530.84,302.31,,Australia
6,Australia,1996,311914.82,439803.96,439803.96,414.17,109185.34,,16609.59,1410.4,269.65,,Australia
7,Australia,1997,320439.12,451721.72,451721.72,705.23,111898.85,,17201.89,1228.15,248.48,,Australia
8,Australia,1998,334328.14,466382.11,466382.11,998.29,111427.93,,17743.91,1660.52,223.32,,Australia
9,Australia,1999,343713.91,472245.99,472245.99,1374.29,107889.22,,17933.44,1139.06,196.07,,Australia
10,Australia,2000,349885.43,483445.83,483445.83,1613.2,111520.31,,18949.17,1287.06,190.65,,Australia
11,Australia,2001,357653.33,491441.7,491441.7,2305.93,110301.73,,19182.29,1801.88,196.53,,Australia
12,Australia,2002,361861.39,494740.1,494740.1,2926.73,108309.14,,19712.73,1727.62,202.48,,Australia
13,Australia,2003,368345.98,495154.09,495154.09,3578.35,102574.21,,18765.28,1683.98,206.29,,Australia
14,Australia,2004,381519.26,511710.24,511710.24,4266.92,103839.21,,20163.24,1713.85,207.76,,Australia
15,Australia,2005,385581.13,518850.76,518850.76,5002.48,105887.56,,20405.82,1791.7,182.06,,Australia
16,Australia,2006,391134.1,522517.19,522517.19,5456.52,104842.39,,20224.61,687.06,172.51,,Australia
17,Australia,2007,398816.45,529842.87,529842.87,6143.73,105174.67,,18963.12,582.68,162.22,,Australia
18,Australia,2008,404237.83,533693.51,533693.51,6832.23,103119.55,,18908.28,444.52,151.11,,Australia
19,Australia,2009,408448.48,537889.89,537889.89,7468.94,101886.83,,19607.63,358.55,119.45,,Australia
20,Australia,2010,406200.99,533917.44,533917.44,8166.07,99447.73,,19698.3,283.32,121.03,,Australia
21,Australia,2011,403705.53,534089.8,534089.8,8837.85,101085.54,,20034.58,301.3,125.0,,Australia
22,Australia,2012,406462.85,537377.57,537377.57,9353.07,100796.84,,20342.38,294.88,127.55,,Australia
23,Australia,2013,396913.94,526882.67,526882.67,10034.13,99857.2,,19756.45,192.0,128.94,,Australia
24,Australia,2014,393126.95,522397.09,522397.09,10787.35,98076.11,,20084.54,192.54,129.61,,Australia
25,Austria,1990,62297.17,78844.63,78844.63,2.44,10598.57,,4293.06,1182.79,470.61,,Austria
26,Austria,1991,65903.51,82636.9,82636.9,3.89,10462.1,,4460.65,1192.62,614.14,,Austria
27,Austria,1992,60432.25,75931.0,75931.0,5.64,10164.75,,4161.62,510.47,656.27,,Austria
28,Austria,1993,60790.76,75988.23,75988.23,235.26,10073.83,,4080.85,63.52,744.0,,Austria
29,Austria,1994,61189.1,76503.49,76503.49,261.11,9775.86,0.76,4279.53,70.96,926.17,,Austria
30,Austria,1995,64202.16,79813.03,79813.03,357.93,9674.05,6.44,4389.0,83.35,1100.11,,Austria
31,Austria,1996,67667.26,83008.81,83008.81,420.79,9382.93,7.93,4272.75,80.25,1176.9,,Austria
32,Austria,1997,67455.89,82474.39,82474.39,500.83,9011.52,15.53,4286.76,117.47,1086.4,,Austria
33,Austria,1998,67047.25,81770.84,81770.84,610.34,8831.33,9.43,4347.07,55.53,869.88,,Austria
34,Austria,1999,65660.13,80106.72,80106.72,701.82,8645.18,8.24,4335.8,79.18,676.37,,Austria
35,Austria,2000,66274.74,80429.34,80429.34,713.63,8466.37,10.51,4301.7,87.87,574.53,,Austria
36,Austria,2001,70299.47,84380.81,84380.81,863.1,8284.3,10.51,4177.76,116.34,629.33,,Austria
37,Austria,2002,72126.59,86129.55,86129.55,968.78,8134.08,10.51,4174.31,101.97,613.3,,Austria
38,Austria,2003,78023.95,92018.48,92018.48,1072.19,8061.21,21.56,4163.75,126.38,549.44,,Austria
39,Austria,2004,78389.0,91835.89,91835.89,1158.34,8048.71,26.54,3571.72,157.57,484.01,,Austria
40,Austria,2005,79588.5,92810.49,92810.49,1145.81,7809.62,28.16,3581.49,163.29,493.63,,Austria
41,Austria,2006,76934.95,89981.02,89981.02,1152.47,7667.63,32.73,3567.39,172.39,453.46,,Austria
42,Austria,2007,74268.11,87241.15,87241.15,1195.89,7543.05,59.39,3577.37,230.33,367.01,,Austria
43,Austria,2008,74066.26,87101.13,87101.13,1248.53,7399.36,53.47,3751.89,208.19,373.43,,Austria
44,Austria,2009,67682.73,80190.65,80190.65,1308.2,7294.26,4.54,3523.22,36.02,341.68,,Austria
45,Austria,2010,72531.83,84946.02,84946.02,1483.19,7182.82,4.12,3330.15,78.05,335.87,,Austria
46,Austria,2011,70327.17,82626.64,82626.64,1535.8,6976.42,4.1,3402.29,73.51,307.35,,Austria
47,Austria,2012,67698.66,79897.12,79897.12,1612.47,6855.14,8.56,3359.69,50.72,311.88,,Austria
48,Austria,2013,67957.12,80042.54,80042.54,1602.6,6757.49,9.75,3361.48,49.23,304.87,,Austria
49,Austria,2014,64262.56,76332.62,76332.62,1642.8,6623.27,10.56,3427.44,53.03,312.96,,Austria
50,Belarus,1990,100438.1,133457.16,133457.16,,17944.37,,15074.7,,,,Belarus
51,Belarus,1991,93649.17,125601.05,125601.05,,17258.13,,14693.75,,,,Belarus
52,Belarus,1992,87060.81,116588.69,116588.69,,16295.44,,13232.44,,,,Belarus
53,Belarus,1993,75551.76,103951.53,103951.53,,15583.11,,12816.66,,,,Belarus
54,Belarus,1994,62402.28,88206.36,88206.36,,14331.81,,11472.27,,,,Belarus
55,Belarus,1995,56005.94,80369.78,80369.78,,13611.08,,10752.77,,0.0,,Belarus
56,Belarus,1996,57251.36,82375.19,82375.19,,13672.82,,11451.01,,0.01,,Belarus
57,Belarus,1997,60971.82,86282.51,86282.51,,13578.27,,11732.37,,0.06,,Belarus
58,Belarus,1998,57426.33,82668.83,82668.83,,13540.24,,11702.19,,0.07,,Belarus
59,Belarus,1999,55033.95,79497.84,79497.84,,13212.46,,11251.34,,0.09,,Belarus
60,Belarus,2000,53686.86,77959.72,77959.72,,12922.7,,11350.07,,0.1,,Belarus
61,Belarus,2001,53783.85,77921.83,77921.83,,12799.03,,11338.84,,0.11,,Belarus
62,Belarus,2002,53843.7,76683.87,76683.87,,12705.36,,10134.69,,0.12,,Belarus
63,Belarus,2003,54845.15,79158.72,79158.72,,13734.63,,10578.78,,0.16,,Belarus
64,Belarus,2004,58457.65,83688.3,83688.3,,14331.37,,10899.04,,0.24,,Belarus
65,Belarus,2005,59664.74,85596.1,85596.1,,14727.06,,11203.95,,0.35,,Belarus
66,Belarus,2006,62229.4,89449.66,89449.66,,15450.08,,11769.73,,0.45,,Belarus
67,Belarus,2007,61563.88,88920.64,88920.64,,15646.79,,11709.43,,0.54,,Belarus
68,Belarus,2008,63846.1,92364.35,92364.35,,16240.16,,12276.83,,1.25,,Belarus
69,Belarus,2009,59596.21,89223.66,89223.66,,17118.03,,12507.97,,1.45,,Belarus
70,Belarus,2010,61632.49,91183.55,91183.55,,17109.27,,12439.69,,2.1,,Belarus
71,Belarus,2011,61128.4,91671.73,91671.73,,17499.48,,13041.55,,2.3,,Belarus
72,Belarus,2012,60636.85,90925.11,90925.11,,17461.77,,12824.04,,2.46,,Belarus
73,Belarus,2013,61510.99,93037.25,93037.25,,18724.36,,12799.39,,2.51,,Belarus
74,Belarus,2014,60615.65,91895.65,91895.65,,18599.18,,12678.39,,2.43,,Belarus
75,Belgium,1990,119982.5,146021.24,146021.24,,12040.18,,10232.4,2191.05,1575.1,,Belgium
76,Belgium,1991,123130.65,148825.7,148825.7,,11999.38,,10106.41,2096.42,1492.84,,Belgium
77,Belgium,1992,122217.92,148384.73,148384.73,484.3,11886.35,,9858.7,2284.77,1652.69,,Belgium
78,Belgium,1993,121156.96,147393.39,147393.39,484.3,11838.3,,10129.39,2195.9,1588.53,,Belgium
79,Belgium,1994,124426.89,151882.37,151882.37,495.79,11867.02,,10524.5,2637.37,1930.81,,Belgium
80,Belgium,1995,125519.44,154020.29,154020.29,501.99,11947.64,,10997.2,2914.29,2139.73,,Belgium
81,Belgium,1996,129010.47,157656.69,157656.69,602.2,11802.08,,11415.4,2766.91,2059.62,,Belgium
82,Belgium,1997,123495.74,149163.46,149163.46,726.99,11689.9,,11183.05,1528.92,538.85,,Belgium
83,Belgium,1998,129737.09,154340.39,154340.39,881.22,11525.0,,11057.26,843.87,295.95,,Belgium
84,Belgium,1999,124208.07,148062.44,148062.44,935.58,11265.28,,11071.1,428.75,153.66,,Belgium
85,Belgium,2000,126315.21,149213.02,149213.02,1127.8,10827.0,,10352.83,446.11,144.06,,Belgium
86,Belgium,2001,125649.37,147626.13,147626.13,1211.53,10386.25,,9963.92,275.84,139.22,,Belgium
87,Belgium,2002,126015.19,147240.37,147240.37,1438.42,9956.5,,9613.02,101.06,116.17,,Belgium
88,Belgium,2003,127523.99,147579.07,147579.07,1608.87,9372.47,,8712.78,259.03,101.93,,Belgium
89,Belgium,2004,128640.48,148971.4,148971.4,1693.4,9318.58,,8850.41,378.33,90.2,,Belgium
90,Belgium,2005,125118.02,144803.08,144803.08,1745.35,9074.77,,8581.49,192.77,90.69,,Belgium
91,Belgium,2006,122319.59,141046.71,141046.71,1876.64,8982.98,,7591.03,199.91,76.55,,Belgium
92,Belgium,2007,118027.41,136451.34,136451.34,2079.1,8947.76,,7094.15,224.06,78.86,,Belgium
93,Belgium,2008,120362.61,138749.63,138749.63,2206.76,8736.79,0.67,7102.8,253.1,86.88,,Belgium
94,Belgium,2009,107282.54,125811.8,125811.8,2391.46,8668.57,0.57,7229.43,145.92,93.31,,Belgium
95,Belgium,2010,114155.39,133258.41,133258.41,2508.71,8624.5,1.32,7759.83,106.61,102.03,,Belgium
96,Belgium,2011,104945.71,122833.4,122833.4,2614.05,8369.07,2.48,6564.49,225.5,112.09,,Belgium
97,Belgium,2012,100931.6,118761.34,118761.34,2733.36,8235.74,1.12,6470.89,278.21,110.43,,Belgium
98,Belgium,2013,101744.74,119375.3,119375.3,2703.01,8098.25,1.24,6280.72,431.59,115.75,,Belgium
99,Belgium,2014,96325.41,113866.62,113866.62,2811.8,8047.55,0.69,6278.98,306.96,95.22,,Belgium
100,Bulgaria,1990,78197.88,,103450.78,,16430.84,,8818.37,,3.69,,Bulgaria
101,Bulgaria,1991,59769.34,,81926.02,0.0,15313.27,,6839.5,,3.91,,Bulgaria
102,Bulgaria,1992,56551.59,,77199.35,0.01,14869.3,,5774.31,,4.13,,Bulgaria
103,Bulgaria,1993,57203.94,,76195.3,0.02,13764.49,,5222.47,,4.37,,Bulgaria
104,Bulgaria,1994,55649.08,,72765.62,2.16,12003.09,,5106.66,,4.63,,Bulgaria
105,Bulgaria,1995,57221.61,,74262.08,6.59,12051.21,,4977.78,,4.9,,Bulgaria
106,Bulgaria,1996,57581.19,,74381.09,11.55,11936.17,,4846.99,,5.18,,Bulgaria
107,Bulgaria,1997,54790.13,,70904.42,18.36,11500.65,,4589.8,,5.48,,Bulgaria
108,Bulgaria,1998,52143.36,,66848.66,28.72,10886.06,,3784.73,,5.8,,Bulgaria
109,Bulgaria,1999,45751.79,,60090.11,40.99,10347.04,,3944.16,,6.14,,Bulgaria
110,Bulgaria,2000,44896.67,,59155.06,57.33,10189.34,,4005.22,,6.49,,Bulgaria
111,Bulgaria,2001,48568.92,,62221.34,75.17,9491.67,,4078.71,,6.87,,Bulgaria
112,Bulgaria,2002,45786.29,,59282.01,96.6,9374.21,,4017.63,,7.27,,Bulgaria
113,Bulgaria,2003,49971.15,,64021.37,126.5,10063.72,,3852.3,,7.69,,Bulgaria
114,Bulgaria,2004,49170.34,,63230.73,180.34,9476.24,,4395.68,,8.13,,Bulgaria
115,Bulgaria,2005,50191.12,,63458.9,298.76,8720.08,,4240.78,,8.16,,Bulgaria
116,Bulgaria,2006,51446.28,,64118.4,447.16,8446.73,,3769.74,,8.48,,Bulgaria
117,Bulgaria,2007,55184.42,,67942.42,545.2,8389.98,,3814.0,,8.81,,Bulgaria
118,Bulgaria,2008,53655.14,,66725.31,841.84,8164.03,,4055.13,0.02,9.16,,Bulgaria
119,Bulgaria,2009,45487.87,,57835.97,897.32,7794.84,,3646.36,0.06,9.52,,Bulgaria
120,Bulgaria,2010,47678.65,,60519.2,927.07,7782.64,,4118.31,0.06,12.47,,Bulgaria
121,Bulgaria,2011,53020.98,,65857.6,1038.93,8015.2,,3768.25,0.06,14.19,,Bulgaria
122,Bulgaria,2012,48117.56,,60723.49,1109.36,7643.92,,3833.32,0.05,19.29,,Bulgaria
123,Bulgaria,2013,42534.93,,55597.03,1277.86,7526.89,,4237.59,0.04,19.72,,Bulgaria
124,Bulgaria,2014,45139.96,,57807.59,1423.81,7420.51,,3807.67,0.03,15.62,,Bulgaria
125,Canada,1990,463493.33,616908.11,612866.05,970.58,95378.25,0.32,42239.73,7557.9,3225.93,,Canada
126,Canada,1991,454246.14,611861.13,605548.12,1056.72,97516.51,0.32,41010.07,8033.11,3685.24,,Canada
127,Canada,1992,468546.46,625134.0,622763.76,829.84,101927.84,0.31,41323.52,7578.68,2557.12,,Canada
128,Canada,1993,467607.24,631353.64,624641.47,,105204.36,0.3,42000.45,7455.58,2373.55,,Canada
129,Canada,1994,482691.67,652999.14,646008.21,,108917.32,0.29,45062.17,6895.01,2441.74,,Canada
130,Canada,1995,497224.84,688384.41,665304.28,693.37,113111.08,0.28,45650.33,6349.22,2275.16,,Canada
131,Canada,1996,510619.68,690743.64,684666.72,1165.51,116885.46,0.27,47724.4,6502.75,1768.65,,Canada
132,Canada,1997,525120.01,702636.43,700407.4,1568.53,118988.19,0.26,46527.87,6374.9,1827.63,,Canada
133,Canada,1998,533794.45,728149.0,707998.08,2172.32,120647.46,0.26,42548.87,6477.23,2357.49,,Canada
134,Canada,1999,550183.06,729415.12,721673.25,2806.0,120592.53,0.25,40309.52,5371.79,2410.1,,Canada
135,Canada,2000,572290.39,745991.03,744240.71,3400.33,120724.87,0.24,39936.36,4985.57,2902.96,,Canada
136,Canada,2001,564617.02,737198.31,733454.19,3787.73,119920.26,0.23,38523.21,4048.63,2557.11,,Canada
137,Canada,2002,569862.15,752124.48,736272.79,4270.19,117504.64,0.22,38156.77,3463.01,3015.81,,Canada
138,Canada,2003,587306.68,766107.89,754970.65,4615.42,116809.28,0.21,40097.53,3490.09,2651.44,,Canada
139,Canada,2004,585414.86,769691.19,756240.21,5215.23,117419.39,0.2,42328.24,3522.38,2339.91,,Canada
140,Canada,2005,579225.34,753897.58,747457.79,5677.88,116434.33,0.19,40863.43,3839.26,1417.36,,Canada
141,Canada,2006,573479.27,746308.21,738096.49,5828.27,115516.05,0.19,38759.94,2986.03,1526.74,,Canada
142,Canada,2007,596041.32,766021.81,758431.18,6222.87,113213.99,0.18,39691.97,2534.66,726.19,,Canada
143,Canada,2008,577444.93,743519.66,739036.73,6123.52,110540.26,0.17,41681.65,2601.86,644.35,,Canada
144,Canada,2009,542829.46,702098.42,696312.2,6698.96,106149.44,0.16,37749.59,2510.72,373.87,,Canada
145,Canada,2010,555003.76,718178.08,706402.87,7477.17,103730.44,0.15,37891.75,1859.18,440.42,,Canada
146,Canada,2011,558152.72,722862.51,709764.47,7991.64,103884.67,0.15,37652.73,1687.38,395.18,,Canada
147,Canada,2012,563423.61,729475.89,718346.89,8277.68,105633.62,0.15,38773.54,1798.64,439.63,,Canada
148,Canada,2013,573094.04,737423.14,731424.09,8564.62,107063.13,0.15,40647.06,1617.1,437.98,,Canada
149,Canada,2014,574099.78,747171.87,732418.88,9024.46,108436.72,0.15,39407.11,1088.04,362.63,,Canada
150,Croatia,1990,23390.08,31204.63,31204.63,,3770.72,,2793.15,1240.24,10.45,,Croatia
151,Croatia,1991,17268.91,24408.68,24408.68,,3625.92,,2652.77,850.75,10.33,,Croatia
152,Croatia,1992,16607.13,22538.03,22538.03,,3227.34,,2693.15,,10.42,,Croatia
153,Croatia,1993,17081.23,22658.29,22658.29,,3260.04,,2306.49,,10.53,,Croatia
154,Croatia,1994,16342.18,21712.76,21712.76,,3034.35,,2325.59,,10.64,,Croatia
155,Croatia,1995,16992.8,22296.17,22296.17,57.28,2986.64,,2248.33,,11.12,,Croatia
156,Croatia,1996,17587.9,22882.96,22882.96,80.07,2968.51,,2234.92,,11.57,,Croatia
157,Croatia,1997,18666.47,24126.27,24126.27,106.14,2908.31,,2433.93,,11.43,,Croatia
158,Croatia,1998,19372.39,24459.71,24459.71,139.06,2866.65,,2069.63,,11.99,,Croatia
159,Croatia,1999,20215.65,25519.08,25519.08,166.7,2847.59,,2277.15,,11.99,,Croatia
160,Croatia,2000,19789.12,25172.96,25172.96,199.21,2785.34,,2387.67,,11.62,,Croatia
161,Croatia,2001,20943.11,26394.05,26394.05,224.96,2844.15,,2370.13,,11.69,,Croatia
162,Croatia,2002,22031.13,27420.1,27420.1,261.93,2838.3,,2276.73,,12.01,,Croatia
163,Croatia,2003,23355.22,28782.82,28782.82,304.77,2936.87,,2173.68,,12.28,,Croatia
164,Croatia,2004,23005.23,28875.98,28875.98,347.89,3061.84,,2448.45,,12.57,,Croatia
165,Croatia,2005,23451.85,29285.75,29285.75,386.12,3029.46,,2405.3,,13.03,,Croatia
166,Croatia,2006,23684.94,29555.68,29555.68,422.7,3100.59,,2334.45,,13.01,,Croatia
167,Croatia,2007,24955.38,30972.91,30972.91,469.51,3114.8,,2420.17,,13.05,,Croatia
168,Croatia,2008,23715.38,29825.95,29825.95,490.33,3153.4,,2454.85,,11.98,,Croatia
169,Croatia,2009,21965.64,27909.13,27909.13,495.65,3214.9,,2224.66,0.26,8.03,,Croatia
170,Croatia,2010,21183.71,27280.23,27280.23,543.95,3243.51,,2300.07,0.03,8.95,,Croatia
171,Croatia,2011,20614.44,26773.83,26773.83,563.13,3230.32,,2356.55,0.02,9.37,,Croatia
172,Croatia,2012,18776.38,24734.65,24734.65,564.96,3167.15,,2216.92,0.03,9.21,,Croatia
173,Croatia,2013,18359.5,23770.55,23770.55,577.71,3129.73,,1697.4,0.06,6.15,,Croatia
174,Croatia,2014,17607.32,22898.88,22898.88,582.77,3080.41,,1621.47,0.06,6.84,,Croatia
175,Cyprus,1990,4621.01,5624.65,5624.65,0.15,693.57,,309.9,,0.03,,Cyprus
176,Cyprus,1991,5107.08,6121.53,6121.53,0.16,704.36,,309.9,,0.03,,Cyprus
177,Cyprus,1992,5482.97,6559.33,6559.33,0.16,733.57,,342.59,,0.03,,Cyprus
178,Cyprus,1993,5733.67,6858.74,6858.74,0.22,761.68,,363.13,,0.04,,Cyprus
179,Cyprus,1994,5977.26,7103.13,7103.13,0.7,773.18,,351.95,,0.05,,Cyprus
180,Cyprus,1995,5848.04,7046.93,7046.93,2.7,797.53,,398.6,,0.06,,Cyprus
181,Cyprus,1996,6156.13,7343.54,7343.54,3.61,819.08,,364.65,,0.07,,Cyprus
182,Cyprus,1997,6287.03,7473.1,7473.1,6.09,826.65,,353.26,,0.07,,Cyprus
183,Cyprus,1998,6580.3,7799.56,7799.56,9.38,830.27,,379.55,,0.07,,Cyprus
184,Cyprus,1999,6847.66,8059.08,8059.08,14.14,831.09,,366.12,,0.07,,Cyprus
185,Cyprus,2000,7095.96,8326.89,8326.89,20.38,847.45,,363.02,,0.08,,Cyprus
186,Cyprus,2001,6969.47,8282.55,8282.55,30.85,887.6,,394.56,,0.08,,Cyprus
187,Cyprus,2002,7160.39,8519.08,8519.08,41.19,921.25,,396.17,,0.08,,Cyprus
188,Cyprus,2003,7550.08,8914.58,8914.58,52.54,917.71,,394.17,,0.09,,Cyprus
189,Cyprus,2004,7776.91,9144.37,9144.37,67.18,914.71,,385.47,,0.1,,Cyprus
190,Cyprus,2005,7961.98,9307.98,9307.98,92.6,894.25,,359.03,,0.12,,Cyprus
191,Cyprus,2006,8152.49,9567.55,9567.55,144.71,894.04,,376.18,,0.12,,Cyprus
192,Cyprus,2007,8458.66,9913.23,9913.23,169.82,915.52,,369.09,,0.14,,Cyprus
193,Cyprus,2008,8620.4,10093.27,10093.27,195.31,919.1,,358.32,,0.15,,Cyprus
194,Cyprus,2009,8372.4,9872.18,9872.18,221.84,921.27,,356.51,,0.16,,Cyprus
195,Cyprus,2010,8004.91,9571.66,9571.66,246.34,943.42,,376.83,,0.15,,Cyprus
196,Cyprus,2011,7696.67,9296.16,9296.16,274.7,962.21,,362.43,,0.15,,Cyprus
197,Cyprus,2012,7160.97,8769.37,8769.37,315.74,937.2,,355.29,,0.16,,Cyprus
198,Cyprus,2013,6449.61,8020.1,8020.1,324.7,918.04,,327.6,,0.15,,Cyprus
199,Cyprus,2014,6878.56,8453.77,8453.77,320.54,923.96,,330.57,,0.15,,Cyprus
200,Czech Republic,1990,161662.02,198621.24,196508.93,,23315.05,,11446.65,,85.22,,Czech Republic
201,Czech Republic,1991,146047.34,179630.55,177638.1,,21607.18,,9898.54,,85.05,,Czech Republic
202,Czech Republic,1992,141565.72,172740.63,170790.9,,20139.16,,8999.67,,86.35,,Czech Republic
203,Czech Republic,1993,135588.57,164865.69,162967.29,,19226.59,,8064.59,,87.55,,Czech Republic
204,Czech Republic,1994,129188.73,156919.27,155204.9,,18086.83,,7840.7,,88.64,,Czech Republic
205,Czech Republic,1995,129767.17,157350.4,155629.71,0.23,17744.94,,8027.72,0.01,89.65,,Czech Republic
206,Czech Republic,1996,132234.07,159496.56,157802.92,34.68,17564.91,,7869.55,0.47,99.24,,Czech Republic
207,Czech Republic,1997,128732.64,155548.73,153873.81,99.02,17105.08,,7838.49,1.56,97.02,,Czech Republic
208,Czech Republic,1998,123696.52,149574.35,148054.79,134.15,16431.88,,7694.96,1.53,95.75,,Czech Republic
209,Czech Republic,1999,115475.26,140428.95,139052.76,147.6,15771.02,,7561.35,0.84,96.69,,Czech Republic
210,Czech Republic,2000,125841.97,149753.58,148624.74,203.99,14896.96,,7568.75,3.95,109.13,,Czech Republic
211,Czech Republic,2001,125541.54,149273.39,148191.64,308.59,14582.7,,7650.74,8.54,99.54,,Czech Republic
212,Czech Republic,2002,122593.4,145622.97,144598.35,400.58,14091.92,,7375.06,15.43,121.95,,Czech Republic
213,Czech Republic,2003,126151.65,148967.24,147957.68,508.64,14100.16,,7044.6,7.27,145.35,,Czech Republic
214,Czech Republic,2004,126876.92,149733.02,148765.44,602.47,13662.73,,7491.19,10.98,121.16,,Czech Republic
215,Czech Republic,2005,124590.14,147600.48,146556.43,700.77,14032.83,,7107.64,12.74,112.32,,Czech Republic
216,Czech Republic,2006,125923.4,149389.78,148334.15,937.23,14265.96,,7069.14,29.01,109.41,,Czech Republic
217,Czech Republic,2007,126933.16,150213.5,149205.28,1282.34,13800.57,,7067.66,27.03,94.53,,Czech Republic
218,Czech Republic,2008,121780.72,145567.08,144582.13,1511.87,14227.76,,6930.08,37.29,94.4,,Czech Republic
219,Czech Republic,2009,113970.03,137086.78,136167.94,1639.13,13800.63,,6616.85,44.14,97.15,,Czech Republic
220,Czech Republic,2010,115757.37,139148.95,138226.42,1947.71,13992.58,,6398.16,49.32,81.29,,Czech Republic
221,Czech Republic,2011,114113.15,137948.62,137003.69,2219.11,14017.04,,6557.25,10.72,86.43,,Czech Republic
222,Czech Republic,2012,109841.33,133778.91,132865.25,2395.39,14086.09,1.8,6441.22,8.74,90.68,,Czech Republic
223,Czech Republic,2013,106477.09,129786.73,128972.77,2621.18,13435.26,3.82,6335.43,6.61,93.38,,Czech Republic
224,Czech Republic,2014,101159.12,125033.11,124245.64,2830.38,13491.74,2.35,6660.69,5.34,96.01,,Czech Republic
225,Denmark,1990,54306.43,71470.18,70245.53,,8082.71,,7813.98,,42.41,,Denmark
226,Denmark,1991,64874.81,82163.93,80895.75,,8279.66,,7680.7,,60.58,,Denmark
227,Denmark,1992,58960.31,76260.99,75024.69,3.69,8364.65,,7610.88,,85.16,,Denmark
228,Denmark,1993,61038.67,78138.19,76926.08,102.29,8570.92,,7117.56,,96.64,,Denmark
229,Denmark,1994,64988.78,82064.66,80897.08,146.36,8437.69,,7207.6,0.07,116.58,,Denmark
230,Denmark,1995,61914.16,78984.87,77841.82,241.48,8497.61,,7085.35,0.63,102.58,,Denmark
231,Denmark,1996,75110.84,91956.1,90826.3,379.98,8608.32,,6666.75,2.09,58.31,,Denmark
232,Denmark,1997,65457.83,82264.67,81211.75,377.53,8506.8,,6794.52,5.2,69.87,,Denmark
233,Denmark,1998,61117.34,78033.55,77025.34,477.68,8572.25,,6789.73,11.47,56.87,,Denmark
234,Denmark,1999,58456.42,75520.27,74579.46,587.21,8465.65,,6992.44,15.74,62.01,,Denmark
235,Denmark,2000,54148.9,71007.93,70130.89,710.67,8355.11,,6837.49,22.57,56.15,,Denmark
236,Denmark,2001,55845.15,72757.12,71905.3,747.11,8611.92,,6645.02,27.91,28.2,,Denmark
237,Denmark,2002,55339.67,72260.11,71446.82,794.62,8534.71,,6726.28,28.01,23.53,,Denmark
238,Denmark,2003,60493.96,77212.64,76415.2,829.37,8547.45,,6490.23,24.59,29.59,,Denmark
239,Denmark,2004,54916.91,71072.68,70306.85,894.75,8392.88,,6050.83,20.53,30.94,,Denmark
240,Denmark,2005,51307.24,66594.68,65858.28,951.91,8148.67,,5411.65,18.77,20.05,,Denmark
241,Denmark,2006,59162.5,74321.36,73622.66,977.63,8038.4,,5389.36,21.15,33.62,,Denmark
242,Denmark,2007,54429.09,69661.18,69004.04,1010.2,8033.12,,5482.21,21.19,28.24,,Denmark
243,Denmark,2008,50935.67,65963.76,65335.99,1014.58,7888.33,,5449.49,18.44,29.46,,Denmark
244,Denmark,2009,48592.21,63066.66,62496.28,964.77,7736.95,,5148.0,19.98,34.37,,Denmark
245,Denmark,2010,48993.42,63499.84,62944.01,971.91,7786.92,,5137.16,18.67,35.93,,Denmark
246,Denmark,2011,43970.79,58244.36,57740.25,908.39,7642.0,,5133.77,15.76,69.54,,Denmark
247,Denmark,2012,39524.4,53408.41,52933.97,826.14,7484.7,,4974.3,12.25,112.18,,Denmark
248,Denmark,2013,41537.04,55435.04,54984.34,810.64,7380.67,,5114.31,10.9,130.79,,Denmark
249,Denmark,2014,37460.66,51206.67,50785.29,735.44,7362.97,,5084.61,8.66,132.96,,Denmark
250,Estonia,1990,36666.03,39965.17,39965.17,,1912.19,,1386.95,,,,Estonia
251,Estonia,1991,33662.37,36794.56,36794.56,,1825.52,,1306.62,,0.05,,Estonia
252,Estonia,1992,24187.83,26876.48,26876.48,17.51,1585.13,,1085.92,,0.09,,Estonia
253,Estonia,1993,18810.96,21001.97,21001.97,20.02,1349.79,,819.81,,1.39,,Estonia
254,Estonia,1994,19626.45,21713.16,21713.16,22.91,1287.77,,773.07,,2.97,,Estonia
255,Estonia,1995,17953.74,19934.79,19934.79,28.45,1246.81,,702.71,,3.07,,Estonia
256,Estonia,1996,18666.14,20631.75,20631.75,34.56,1265.14,,662.58,,3.33,,Estonia
257,Estonia,1997,18223.6,20262.16,20262.16,41.31,1318.57,,675.82,,2.85,,Estonia
258,Estonia,1998,16684.3,18705.82,18705.82,52.25,1280.36,,686.07,,2.85,,Estonia
259,Estonia,1999,15518.49,17358.5,17358.5,63.39,1197.48,,576.25,,2.88,,Estonia
260,Estonia,2000,15141.39,17061.85,17061.85,79.15,1237.39,,601.32,,2.61,,Estonia
261,Estonia,2001,15493.86,17473.02,17473.02,97.19,1278.6,,601.71,,1.67,,Estonia
262,Estonia,2002,15020.28,16930.09,16930.09,98.83,1229.78,,579.82,,1.38,,Estonia
263,Estonia,2003,16833.21,18782.36,18782.36,104.87,1233.42,,609.59,,1.27,,Estonia
264,Estonia,2004,17055.07,19055.49,19055.49,119.33,1247.52,,632.53,,1.04,,Estonia
265,Estonia,2005,16330.73,18297.67,18297.67,134.96,1209.5,,621.45,,1.03,,Estonia
266,Estonia,2006,15719.53,17686.47,17686.47,154.57,1192.15,,619.03,0.09,1.1,,Estonia
267,Estonia,2007,18755.65,20816.94,20816.94,170.37,1223.38,,666.54,0.08,0.92,,Estonia
268,Estonia,2008,17264.52,19374.62,19374.62,150.39,1213.68,,744.69,0.05,1.29,,Estonia
269,Estonia,2009,14153.01,16181.97,16181.97,157.53,1168.37,,701.68,,1.38,,Estonia
270,Estonia,2010,17833.78,19911.68,19911.68,175.43,1182.87,,717.87,,1.73,,Estonia
271,Estonia,2011,18449.93,20485.04,20485.04,183.0,1134.03,,716.3,,1.77,,Estonia
272,Estonia,2012,17304.64,19423.33,19423.33,193.03,1143.21,,780.57,,1.88,,Estonia
273,Estonia,2013,19566.37,21676.71,21676.71,206.46,1132.69,,769.16,,2.03,,Estonia
274,Estonia,2014,18918.72,21059.24,21059.24,216.52,1102.37,,819.53,,2.1,,Estonia
275,European Union,1990,4462205.14,5664845.84,5656504.16,29125.64,734491.06,23.78,388663.46,25369.66,10919.7,5705.72,Unknown
276,European Union,1991,4403723.16,5566394.79,5558236.56,29148.25,715378.7,25.49,370242.09,23023.08,11459.06,5236.72,Unknown
277,European Union,1992,4259922.81,5386789.05,5378840.53,31563.92,695017.25,27.37,355959.77,18844.42,12282.83,5222.15,Unknown
278,European Union,1993,4177106.51,5287674.68,5279950.94,34486.62,686376.82,29.45,345876.47,17891.05,12968.38,5215.64,Unknown
279,European Union,1994,4161321.32,5262577.91,5255113.72,39125.65,669301.26,32.49,348484.82,17217.94,14142.84,5487.39,Unknown
280,European Union,1995,4204480.86,5313164.02,5306108.25,43748.98,668698.05,43.48,351343.56,16805.54,15214.53,5773.25,Unknown
281,European Union,1996,4304793.28,5420397.75,5413299.63,50862.68,665079.34,69.42,356924.65,16147.64,15098.0,4324.62,Unknown
282,European Union,1997,4216524.73,5320564.72,5313562.01,58699.7,651528.74,103.42,353901.18,14975.29,13620.34,4208.6,Unknown
283,European Union,1998,4207666.03,5272462.07,5265845.71,60079.9,634900.16,116.82,331944.08,14155.14,12875.11,4108.46,Unknown
284,European Union,1999,4139002.99,5159735.32,5153484.85,51748.84,622775.45,60.79,311617.8,13770.44,10561.36,3947.18,Unknown
285,European Union,2000,4165145.44,5167968.22,5161668.59,52788.83,609440.98,115.81,309752.77,11800.29,10546.72,2077.74,Unknown
286,European Union,2001,4232036.86,5218920.55,5212778.66,52032.59,600252.51,82.37,306270.05,10572.47,9734.46,1797.34,Unknown
287,European Union,2002,4208860.12,5174907.87,5169047.5,55756.59,586079.5,133.94,295460.49,12287.15,8597.25,1872.46,Unknown
288,European Union,2003,4306103.94,5261522.71,5255793.44,62319.2,575051.65,146.82,292877.87,10162.3,8110.39,1021.26,Unknown
289,European Union,2004,4314560.87,5256647.34,5251101.6,65950.51,555673.07,132.43,297172.72,8610.46,8121.18,880.36,Unknown
290,European Union,2005,4290586.67,5216650.61,5211185.97,71802.26,543442.47,155.97,289132.47,7225.37,7929.75,911.02,Unknown
291,European Union,2006,4297988.16,5205374.7,5200036.32,76046.76,531707.94,141.02,279466.44,6435.83,7499.45,750.7,Unknown
292,European Union,2007,4244213.13,5146226.26,5141105.73,82129.68,520923.66,163.04,280033.58,5968.64,7108.09,565.91,Unknown
293,European Union,2008,4149624.3,5036304.24,5031461.29,89587.34,510421.89,149.15,269056.82,5119.14,6700.49,802.16,Unknown
294,European Union,2009,3814305.26,4672791.93,4668298.77,94070.22,495012.88,77.37,254094.41,3332.04,6296.5,1110.09,Unknown
295,European Union,2010,3933290.52,4780148.28,4775529.26,102676.19,484704.84,119.45,244135.5,3857.82,6378.67,366.27,Unknown
296,European Union,2011,3789763.64,4624392.12,4619894.87,105153.34,474490.82,127.22,239713.78,4225.77,6243.62,176.68,Unknown
297,European Union,2012,3728965.03,4558269.86,4553876.23,108206.16,469808.64,93.13,236629.02,3680.63,6311.54,182.08,Unknown
298,European Union,2013,3646389.53,4467372.64,4463077.62,110393.5,458525.67,68.49,237361.49,3939.09,6206.44,193.4,Unknown
299,European Union,2014,3463397.56,4282156.78,4278052.25,112215.15,452695.94,74.34,239890.17,3486.25,6140.89,151.95,Unknown
300,Finland,1990,56950.85,71338.56,71077.0,0.02,7744.72,,6328.72,0.21,52.48,,Finland
301,Finland,1991,55187.18,69069.95,68823.85,0.03,7714.3,,5881.94,0.24,40.16,,Finland
302,Finland,1992,54264.38,67657.26,67421.23,0.04,7669.45,,5461.41,0.27,25.67,,Finland
303,Finland,1993,56333.27,69898.93,69675.95,0.19,7707.98,,5614.45,0.31,19.75,,Finland
304,Finland,1994,61696.39,75401.54,75186.22,5.34,7674.1,,5786.16,0.36,23.86,,Finland
305,Finland,1995,58126.25,71848.42,71644.3,26.9,7469.56,,5984.2,0.42,36.98,,Finland
306,Finland,1996,64038.92,77635.9,77446.13,74.19,7392.08,,5886.3,0.48,54.16,,Finland
307,Finland,1997,62698.09,76216.93,76038.33,149.49,7308.34,,5831.76,0.55,50.11,,Finland
308,Finland,1998,59351.5,72547.8,72378.98,247.08,7062.38,,5678.77,0.63,38.62,,Finland
309,Finland,1999,58872.93,71916.27,71755.4,330.63,6911.89,,5573.5,35.69,30.76,,Finland
310,Finland,2000,56973.35,70009.5,69855.01,559.32,6661.1,,5621.96,13.23,26.06,,Finland
311,Finland,2001,62442.64,75324.06,75171.39,592.12,6519.03,,5569.39,22.68,25.53,,Finland
312,Finland,2002,64946.47,77740.96,77600.2,634.02,6301.45,,5676.42,16.5,25.34,,Finland
313,Finland,2003,72522.59,85219.3,85082.58,635.74,6092.65,,5787.7,18.32,25.57,,Finland
314,Finland,2004,68821.81,81433.97,81300.62,688.65,5907.36,,5844.57,14.39,23.84,,Finland
315,Finland,2005,56912.31,69548.86,69426.57,895.42,5659.29,,5921.38,15.97,22.19,,Finland
316,Finland,2006,68201.91,80739.07,80616.22,910.55,5731.24,,5725.75,19.21,27.56,,Finland
317,Finland,2007,66531.72,79212.74,79096.33,1149.94,5591.49,,5793.79,10.21,19.17,,Finland
318,Finland,2008,58461.63,71324.58,71219.44,1338.79,5460.82,,5917.61,13.93,26.66,,Finland
319,Finland,2009,55635.58,67670.29,67575.3,1425.56,5404.96,,5070.9,11.58,26.71,,Finland
320,Finland,2010,63828.02,75930.97,75835.02,1820.34,5487.22,,4676.58,1.06,21.79,,Finland
321,Finland,2011,56478.75,68033.97,67947.08,1587.9,5306.53,,4547.93,2.3,23.67,,Finland
322,Finland,2012,50983.27,62403.75,62320.64,1517.25,5264.88,,4527.42,5.66,22.16,,Finland
323,Finland,2013,51834.7,63276.89,63196.6,1612.49,5122.63,,4589.42,6.66,30.7,,Finland
324,Finland,2014,47597.73,59105.08,59028.99,1743.28,5016.97,,4626.45,10.3,34.25,,Finland
325,France,1990,400652.62,551057.03,549064.8,4402.2,68916.25,16.48,67665.1,5190.39,2221.77,,France
326,France,1991,425042.92,577151.66,575242.64,5124.38,69716.52,18.13,68232.75,4810.47,2297.48,,France
327,France,1992,414955.08,565981.29,564121.5,4417.81,69656.0,19.94,67817.21,4906.24,2349.23,,France
328,France,1993,394334.83,543333.15,541583.88,2936.38,70105.27,21.94,66951.89,4831.99,2401.59,,France
329,France,1994,394536.96,542394.75,540655.79,1952.57,70218.69,24.13,67047.13,4313.41,2562.89,,France
330,France,1995,401571.23,550558.1,548820.13,1912.11,71037.6,26.54,68570.36,3069.28,2633.01,,France
331,France,1996,414013.07,565422.01,563711.59,3259.84,70531.73,48.59,70355.99,2810.7,2691.67,,France
332,France,1997,407475.11,558839.49,557135.2,4111.59,69338.0,72.83,70521.28,2918.66,2697.74,,France
333,France,1998,429051.5,575083.63,573371.79,4349.23,69651.5,89.7,64007.59,3410.29,2811.97,,France
334,France,1999,420506.32,562048.36,560359.38,5383.41,69712.18,28.41,58037.05,4206.32,2485.68,,France
335,France,2000,417116.54,558215.97,556461.3,6642.95,70804.66,19.89,56512.07,2985.41,2379.77,,France
336,France,2001,417864.71,558213.52,556514.39,8086.23,69813.14,28.45,56147.55,2640.89,1933.43,,France
337,France,2002,413569.25,552270.73,550666.93,9397.31,68554.55,35.54,53345.29,4162.09,1602.9,,France
338,France,2003,422312.88,558762.92,557264.3,10764.99,67193.67,30.47,51538.41,3838.78,1585.09,,France
339,France,2004,423168.64,556057.01,554620.23,11754.87,65595.17,35.54,49822.93,2626.78,1616.31,,France
340,France,2005,428557.61,559398.81,557991.59,12676.03,64648.97,31.27,48969.45,1748.25,1360.01,,France
341,France,2006,417662.68,547645.15,546295.99,13686.27,64334.06,29.76,47876.62,1450.32,1256.29,,France
342,France,2007,408508.59,538725.79,537505.38,14595.13,63982.09,42.11,48057.04,1167.35,1153.07,,France
343,France,2008,401878.86,531834.05,530720.36,15788.19,64028.11,46.35,47099.12,765.67,1114.04,,France
344,France,2009,383957.62,511294.61,510304.29,16311.61,62891.01,24.96,45642.34,546.73,930.02,,France
345,France,2010,394235.67,519972.33,518939.63,17363.8,62525.87,32.13,43316.63,605.29,860.24,,France
346,France,2011,368183.44,492623.16,491554.29,18579.79,61629.46,31.36,41732.07,761.96,636.21,,France
347,France,2012,370491.15,493928.8,492924.89,18987.86,60127.51,20.4,41875.31,778.27,644.38,,France
348,France,2013,369985.59,492151.89,491159.27,19170.74,59044.22,10.63,41715.5,657.61,574.97,,France
349,France,2014,341152.53,465369.53,464417.8,19398.68,59761.95,10.63,43031.34,591.71,470.95,,France
350,Germany,1990,1052238.23,1249828.65,1249828.65,50.32,119234.77,6.88,65188.85,3060.23,4343.64,5705.72,Germany
351,Germany,1991,1014119.72,1203219.26,1203219.26,45.92,113697.66,6.88,62711.85,2654.62,4745.88,5236.72,Germany
352,Germany,1992,965790.84,1152900.33,1152900.33,287.56,110261.12,6.88,63686.85,2407.12,5237.81,5222.15,Germany
353,Germany,1993,955977.6,1143674.9,1143674.9,2492.86,110830.33,6.88,60921.62,2256.39,5973.59,5215.64,Germany
354,Germany,1994,939207.33,1124257.53,1124257.53,2683.1,106948.2,6.88,61756.64,1918.78,6249.23,5487.39,Germany
355,Germany,1995,938148.09,1120943.9,1120943.9,2606.07,104722.35,5.29,61135.98,2085.72,6467.15,5773.25,Germany
356,Germany,1996,958368.72,1138767.66,1138767.66,3392.98,102065.9,7.22,62404.53,2041.19,6162.49,4324.62,Germany
357,Germany,1997,930768.56,1104243.75,1104243.75,4134.2,97821.41,7.85,59540.8,1653.48,6108.84,4208.6,Germany
358,Germany,1998,922778.54,1078643.5,1078643.5,4837.33,92582.83,7.58,46658.05,1781.79,5888.91,4108.46,Germany
359,Germany,1999,895336.79,1045419.71,1045419.71,5161.16,91950.88,6.69,43242.49,1484.77,4289.75,3947.18,Germany
360,Germany,2000,899284.99,1043294.43,1043294.43,5972.05,87647.83,8.92,43274.08,956.32,4072.5,2077.74,Germany
361,Germany,2001,915634.44,1058070.1,1058070.1,7346.29,83997.31,7.82,44665.52,869.6,3751.78,1797.34,Germany
362,Germany,2002,899161.57,1036942.44,1036942.44,7943.21,80070.72,12.22,43849.57,945.65,3087.04,1872.46,Germany
363,Germany,2003,900377.59,1033727.66,1033727.66,8102.16,76675.51,19.38,43482.07,1015.53,3034.16,1021.26,Germany
364,Germany,2004,886344.63,1017294.03,1017294.03,8546.58,71621.03,22.81,45657.66,977.4,3243.55,880.36,Germany
365,Germany,2005,865958.51,991848.69,991848.69,8752.63,68393.12,34.49,43642.29,836.77,3319.87,911.02,Germany
366,Germany,2006,877422.46,999043.9,999043.9,9135.86,64446.01,27.84,43351.06,668.47,3241.5,750.7,Germany
367,Germany,2007,850795.72,971998.33,971998.33,9422.42,62176.44,12.02,45257.89,587.34,3180.59,565.91,Germany
368,Germany,2008,853229.94,973942.17,973942.17,9368.03,61206.59,29.6,45768.64,566.0,2971.21,802.16,Germany
369,Germany,2009,788422.44,906423.03,906423.03,9613.58,58947.98,29.08,44969.99,405.9,2923.98,1110.09,Germany
370,Germany,2010,832259.2,941038.69,941038.69,9914.69,58092.17,61.43,36952.51,345.37,3047.04,366.27,Germany
371,Germany,2011,812483.22,921829.74,921829.74,10353.26,56966.47,61.21,38347.32,278.51,3163.07,176.68,Germany
372,Germany,2012,817031.44,926338.36,926338.36,10547.63,57647.41,35.21,37497.49,242.2,3154.89,182.08,Germany
373,Germany,2013,835792.63,945150.95,945150.95,10569.43,56975.08,16.03,38084.92,258.24,3261.2,193.4,Germany
374,Germany,2014,792902.79,901763.94,901763.94,10750.37,55527.86,20.28,38780.29,234.23,3396.17,151.95,Germany
375,Greece,1990,83403.72,104716.49,104716.49,1182.82,12534.12,,7402.64,190.26,2.93,,Greece
376,Greece,1991,83390.35,104767.84,104767.84,1400.08,12513.65,,7269.55,191.19,3.02,,Greece
377,Greece,1992,84949.03,106017.54,106017.54,1149.07,12598.71,,7129.88,187.74,3.11,,Greece
378,Greece,1993,84263.01,105565.32,105565.32,2032.44,12589.36,,6564.38,112.94,3.2,,Greece
379,Greece,1994,86425.86,108402.56,108402.56,2712.11,12710.8,,6480.19,70.31,3.29,,Greece
380,Greece,1995,86980.65,110704.11,110704.11,4157.38,12830.01,,6669.81,62.85,3.42,,Greece
381,Greece,1996,89134.43,113843.05,113843.05,4820.17,12984.3,,6846.91,53.73,3.51,,Greece
382,Greece,1997,93839.87,118682.45,118682.45,5166.49,12860.52,,6686.39,125.64,3.56,,Greece
383,Greece,1998,98663.19,124288.89,124288.89,5767.51,13077.55,,6621.56,155.48,3.6,,Greece
384,Greece,1999,97979.78,124462.64,124462.64,6721.15,13048.39,,6604.32,105.31,3.69,,Greece
385,Greece,2000,103019.66,127570.61,127570.61,5261.83,12816.99,,6346.05,122.26,3.81,,Greece
386,Greece,2001,105407.31,128248.68,128248.68,4781.39,11764.28,,6207.73,84.1,3.88,,Greece
387,Greece,2002,105051.47,128161.0,128161.0,5090.07,11754.76,,6172.36,88.29,4.06,,Greece
388,Greece,2003,109126.57,131655.18,131655.18,4733.36,11651.67,,6050.25,89.28,4.06,,Greece
389,Greece,2004,109571.06,132286.02,132286.02,4927.91,11640.4,,6054.53,87.86,4.26,,Greece
390,Greece,2005,113219.82,135924.23,135924.23,5077.45,11646.33,,5882.95,91.51,6.16,,Greece
391,Greece,2006,111777.74,132065.26,132065.26,2722.45,11739.04,,5730.83,87.21,7.98,,Greece
392,Greece,2007,114127.55,134852.84,134852.84,3245.14,11542.28,,5825.36,103.04,9.46,,Greece
393,Greece,2008,110255.77,131199.95,131199.95,3710.35,11496.73,,5610.97,118.95,7.18,,Greece
394,Greece,2009,103969.78,124697.2,124697.2,3964.12,11340.97,,5325.96,91.35,5.02,,Greece
395,Greece,2010,97035.08,118626.52,118626.52,4388.67,11540.64,,5526.83,129.44,5.86,,Greece
396,Greece,2011,94102.94,115576.78,115576.78,4661.66,11378.91,,5317.62,110.53,5.13,,Greece
397,Greece,2012,90710.57,112086.44,112086.44,5061.78,11249.21,,4912.06,147.77,5.05,,Greece
398,Greece,2013,82910.63,104564.03,104564.03,5650.22,11155.03,,4670.44,172.56,5.15,,Greece
399,Greece,2014,79628.27,101298.18,101298.18,5758.13,11086.14,,4686.09,134.63,4.92,,Greece
400,Hungary,1990,73115.2,94133.97,94133.97,,11967.24,,8664.92,375.72,10.89,,Hungary
401,Hungary,1991,69392.73,87301.07,87301.07,,11674.02,,5898.47,323.6,12.26,,Hungary
402,Hungary,1992,62050.13,77312.17,77312.17,3.71,10397.7,,4661.37,180.04,19.22,,Hungary
403,Hungary,1993,63174.98,78134.89,78134.89,3.71,9872.86,,4857.52,194.58,31.23,,Hungary
404,Hungary,1994,61568.37,77026.12,77026.12,18.58,9389.62,,5798.26,212.19,39.09,,Hungary
405,Hungary,1995,61354.46,75705.78,75705.78,41.65,9034.23,,5000.68,222.72,52.04,,Hungary
406,Hungary,1996,62950.25,78015.96,78015.96,54.51,9165.19,,5569.09,212.81,64.13,,Hungary
407,Hungary,1997,61549.91,76553.81,76553.81,120.84,9026.82,,5564.32,212.28,79.63,,Hungary
408,Hungary,1998,61087.76,76067.06,76067.06,202.78,8933.21,,5485.93,263.73,93.64,,Hungary
409,Hungary,1999,61593.14,76610.5,76610.5,373.0,8998.23,,5283.62,287.03,75.47,,Hungary
410,Hungary,2000,58336.81,73556.69,73556.69,273.44,8957.82,,5621.47,283.11,84.04,,Hungary
411,Hungary,2001,59995.73,75679.35,75679.35,355.94,8897.43,,6080.43,266.85,82.96,,Hungary
412,Hungary,2002,58968.23,74153.58,74153.58,447.15,9011.5,,5388.09,271.91,66.71,,Hungary
413,Hungary,2003,61766.84,77192.4,77192.4,579.92,9131.89,,5380.93,254.41,78.4,,Hungary
414,Hungary,2004,60231.66,76126.47,76126.47,704.42,8603.56,,6221.69,269.43,95.7,,Hungary
415,Hungary,2005,60329.51,75933.28,75933.28,804.02,8443.38,,5981.6,280.52,94.26,,Hungary
416,Hungary,2006,59751.73,74880.31,74880.31,948.67,8350.82,,5718.97,3.18,106.94,,Hungary
417,Hungary,2007,58419.04,73091.62,73091.62,1033.27,8307.58,,5206.03,4.54,121.16,,Hungary
418,Hungary,2008,57325.16,71340.37,71340.37,1163.87,8251.38,,4486.94,4.8,108.21,,Hungary
419,Hungary,2009,51630.69,65082.92,65082.92,1118.16,8090.38,,4149.46,3.7,90.54,,Hungary
420,Hungary,2010,52108.89,65523.69,65523.69,1223.01,8036.88,,4054.66,1.52,98.72,,Hungary
421,Hungary,2011,50272.87,63808.01,63808.01,1345.29,7821.17,,4259.61,2.16,106.92,,Hungary
422,Hungary,2012,46774.94,60106.9,60106.9,1184.63,7824.92,,4200.48,1.72,120.2,,Hungary
423,Hungary,2013,43930.88,57553.83,57553.83,1280.34,7618.5,,4599.5,1.69,122.92,,Hungary
424,Hungary,2014,43573.41,57225.16,57225.16,1428.16,7613.97,,4503.56,1.96,104.1,,Hungary
425,Iceland,1990,2106.03,3633.56,3633.56,,521.75,,510.04,494.64,1.1,,Iceland
426,Iceland,1991,2042.94,3463.44,3463.44,,516.62,,492.03,410.61,1.24,,Iceland
427,Iceland,1992,2172.62,3341.99,3341.99,,522.84,,462.25,183.04,1.24,,Iceland
428,Iceland,1993,2294.5,3392.56,3392.56,1.46,532.45,,474.66,88.24,1.24,,Iceland
429,Iceland,1994,2248.37,3328.37,3328.37,2.34,543.44,,480.45,52.53,1.24,,Iceland
430,Iceland,1995,2299.61,3389.0,3389.0,10.23,540.03,,468.53,69.36,1.24,,Iceland
431,Iceland,1996,2385.91,3472.18,3472.18,18.59,548.37,,488.42,29.64,1.24,,Iceland
432,Iceland,1997,2450.24,3610.86,3610.86,28.76,548.49,,485.04,97.08,1.24,,Iceland
433,Iceland,1998,2450.23,3754.77,3754.77,43.21,560.86,,486.9,212.33,1.24,,Iceland
434,Iceland,1999,2655.39,3980.85,3980.85,48.83,566.02,,505.19,204.17,1.24,,Iceland
435,Iceland,2000,2728.94,3962.77,3962.77,43.24,558.84,,480.54,149.89,1.31,,Iceland
436,Iceland,2001,2710.29,3911.35,3911.35,48.64,570.08,,472.97,108.05,1.31,,Iceland
437,Iceland,2002,2795.91,3936.9,3936.9,46.08,566.72,,441.38,85.51,1.31,,Iceland
438,Iceland,2003,2792.72,3918.59,3918.59,56.74,564.31,,433.03,70.47,1.31,,Iceland
439,Iceland,2004,2837.03,3940.12,3940.12,60.25,566.08,,429.98,45.48,1.31,,Iceland
440,Iceland,2005,2797.31,3897.69,3897.69,69.98,561.8,,435.31,30.76,2.52,,Iceland
441,Iceland,2006,2939.28,4454.03,4454.03,70.27,589.05,,460.13,392.79,2.52,,Iceland
442,Iceland,2007,3236.9,4714.82,4714.82,74.05,591.16,,478.46,331.39,2.86,,Iceland
443,Iceland,2008,3567.21,5140.34,5140.34,85.01,586.61,,487.12,411.38,3.01,,Iceland
444,Iceland,2009,3521.89,4855.77,4855.77,114.16,583.35,,453.3,180.05,3.02,,Iceland
445,Iceland,2010,3383.55,4730.35,4730.35,148.74,583.73,,438.0,171.67,4.66,,Iceland
446,Iceland,2011,3298.57,4520.22,4520.22,146.14,565.84,,432.11,74.52,3.05,,Iceland
447,Iceland,2012,3290.58,4550.4,4550.4,173.36,545.99,,441.15,94.0,5.32,,Iceland
448,Iceland,2013,3301.8,4534.66,4534.66,169.6,546.33,,425.58,88.16,3.2,,Iceland
449,Iceland,2014,3272.21,4596.85,4596.85,162.92,592.49,,467.98,99.03,2.22,,Iceland
450,Ireland,1990,32768.53,56168.55,56087.84,1.23,14881.83,,8402.25,0.12,33.88,,Ireland
451,Ireland,1991,33508.44,56905.95,56825.69,1.41,15060.95,,8206.15,9.87,38.87,,Ireland
452,Ireland,1992,33344.1,56889.42,56809.11,1.65,15172.99,,8226.89,19.62,43.86,,Ireland
453,Ireland,1993,33574.97,57164.08,57083.63,3.59,15185.06,,8227.98,39.11,52.9,,Ireland
454,Ireland,1994,34696.49,58450.6,58368.88,10.96,15111.28,,8429.6,58.61,61.95,,Ireland
455,Ireland,1995,35718.75,59872.75,59791.07,103.19,15129.79,4.37,8658.24,97.61,79.11,,Ireland
456,Ireland,1996,37335.11,62002.15,61919.5,171.07,15369.99,4.72,8807.87,133.29,97.46,,Ireland
457,Ireland,1997,38675.59,63517.3,63432.53,283.86,15348.94,6.11,8822.9,169.01,126.12,,Ireland
458,Ireland,1998,40572.18,66003.25,65921.27,374.29,15593.89,4.19,9208.77,79.22,88.74,,Ireland
459,Ireland,1999,42302.09,67141.75,67064.22,376.41,15104.36,3.79,8958.57,254.82,64.19,,Ireland
460,Ireland,2000,45123.34,69324.96,69251.35,456.66,14532.2,49.17,8640.47,397.76,51.76,,Ireland
461,Ireland,2001,47482.72,71393.92,71314.79,590.2,14585.98,21.78,8189.97,379.51,64.63,,Ireland
462,Ireland,2002,45952.73,69371.23,69292.62,607.01,14525.99,46.58,7827.93,267.89,64.48,,Ireland
463,Ireland,2003,45554.32,69613.8,69540.65,685.72,15178.87,46.63,7679.2,285.95,109.95,,Ireland
464,Ireland,2004,46042.4,68932.67,68855.75,682.54,14248.85,18.08,7563.72,234.81,65.34,,Ireland
465,Ireland,2005,47952.2,70396.33,70321.21,678.88,13980.91,28.38,7367.67,216.39,96.78,,Ireland
466,Ireland,2006,47405.97,69795.17,69714.62,899.16,13992.23,28.21,7137.9,190.96,60.21,,Ireland
467,Ireland,2007,47493.13,69083.2,68995.46,906.28,13363.27,37.67,6964.07,168.1,62.94,,Ireland
468,Ireland,2008,47175.54,68451.0,68373.6,845.81,13206.66,,6954.77,136.14,54.69,,Ireland
469,Ireland,2009,41996.32,62859.38,62786.98,915.14,12870.74,,6881.96,83.63,39.18,,Ireland
470,Ireland,2010,41558.28,62299.01,62235.15,932.08,12632.79,,7032.35,46.58,33.08,,Ireland
471,Ireland,2011,37895.2,58194.67,58130.3,955.22,12594.4,,6624.15,15.88,45.45,,Ireland
472,Ireland,2012,38031.62,58685.21,58622.8,948.64,12891.04,0.78,6703.77,9.56,37.39,,Ireland
473,Ireland,2013,37049.42,58546.73,58481.61,1070.05,13224.5,0.9,7084.87,8.32,43.53,,Ireland
474,Ireland,2014,36559.07,58253.67,58189.15,1155.42,13433.35,0.96,6985.06,9.0,46.29,,Ireland
475,Italy,1990,436204.25,521920.6,521920.6,444.0,54530.77,,27427.12,2906.86,407.61,,Italy
476,Italy,1991,435938.61,523489.81,523489.81,449.3,55829.68,,28332.31,2509.91,430.0,,Italy
477,Italy,1992,435535.84,519982.78,519982.78,453.4,53903.33,,27839.65,1818.77,431.79,,Italy
478,Italy,1993,429158.01,513611.62,513611.62,449.28,53531.24,,28357.67,1672.06,443.36,,Italy
479,Italy,1994,421404.1,505566.54,505566.54,588.83,53920.31,,27744.06,1422.7,486.54,,Italy
480,Italy,1995,447201.17,533449.77,533449.77,813.44,54531.96,,28789.09,1450.33,663.78,,Italy
481,Italy,1996,440235.51,526825.54,526825.54,551.05,55293.87,,28823.59,1180.36,741.15,,Italy
482,Italy,1997,444055.43,532739.93,532739.93,957.97,55889.9,,29840.05,1211.46,785.11,,Italy
483,Italy,1998,454967.63,543800.43,543800.43,1476.8,55449.69,4.64,29975.39,1259.29,666.98,,Italy
484,Italy,1999,459840.64,549495.23,549495.23,1956.03,55371.72,12.21,30573.28,1265.46,475.9,,Italy
485,Italy,2000,465175.07,554479.29,554479.29,2098.16,55514.81,25.63,29716.61,1388.29,560.73,,Italy
486,Italy,2001,471124.28,561600.33,561600.33,2735.61,55366.39,12.79,30007.73,1502.53,851.02,,Italy
487,Italy,2002,473504.06,561887.95,561887.95,3466.48,53345.47,28.06,29313.73,1491.23,738.93,,Italy
488,Italy,2003,489595.51,578126.37,578126.37,4281.46,52723.4,27.84,29067.96,1882.18,548.03,,Italy
489,Italy,2004,492746.26,580725.58,580725.58,5122.71,50476.12,28.86,29818.94,1950.88,581.81,,Italy
490,Italy,2005,490914.26,578904.44,578904.44,5998.32,50821.11,33.38,28650.32,1939.95,547.1,,Italy
491,Italy,2006,486594.07,569054.8,569054.8,6810.98,49344.36,22.2,23780.74,1935.14,567.31,,Italy
492,Italy,2007,478237.71,561137.59,561137.59,7649.88,49560.5,11.57,23342.09,1886.2,449.62,,Italy
493,Italy,2008,467933.59,549452.73,549452.73,8379.2,49053.3,18.79,21862.66,1712.39,492.81,,Italy
494,Italy,2009,418881.08,498894.66,498894.66,9094.79,48435.64,17.97,20780.95,1215.36,468.87,,Italy
495,Italy,2010,428879.68,508424.1,508424.1,9725.27,47942.26,20.17,19945.78,1520.39,390.55,,Italy
496,Italy,2011,416499.53,494789.58,494789.58,10326.38,46314.01,27.78,19522.54,1661.28,438.06,,Italy
497,Italy,2012,389340.76,468717.92,468717.92,10844.35,46521.33,24.93,20045.13,1499.21,442.2,,Italy
498,Italy,2013,362063.65,438887.37,438887.37,11501.96,44074.41,25.7,19099.73,1705.41,416.51,,Italy
499,Italy,2014,342826.68,418587.21,418587.21,11977.71,43252.03,28.17,18584.73,1564.34,353.55,,Italy
500,Japan,1990,1155993.62,1270742.95,1270742.95,15932.31,48582.35,32.89,30812.41,6539.3,12850.07,,Japan
501,Japan,1991,1164474.35,1280937.7,1280937.7,17349.61,46856.51,32.89,30511.38,7506.92,14206.04,,Japan
502,Japan,1992,1174619.01,1294404.6,1294404.6,17767.22,48083.26,32.89,30649.1,7617.29,15635.82,,Japan
503,Japan,1993,1167714.72,1285876.66,1285876.66,18129.16,42802.57,43.85,30541.59,10942.8,15701.97,,Japan
504,Japan,1994,1228936.69,1358267.68,1358267.68,21051.9,47890.25,76.74,31848.68,13443.46,15019.96,,Japan
505,Japan,1995,1242494.02,1379924.54,1379924.54,25213.13,45806.84,202.81,32150.3,17609.92,16447.52,,Japan
506,Japan,1996,1255264.2,1393109.44,1393109.44,24597.86,44503.17,194.27,33269.57,18258.18,17022.19,,Japan
507,Japan,1997,1253057.31,1389906.99,1389906.99,24436.53,43678.96,172.78,34066.6,19984.28,14510.54,,Japan
508,Japan,1998,1218257.76,1345840.24,1345840.24,23741.88,41366.23,172.65,32509.14,16568.48,13224.1,,Japan
509,Japan,1999,1253082.15,1367886.09,1367886.09,24368.06,41431.09,282.59,26427.53,13118.06,9176.62,,Japan
510,Japan,2000,1274297.99,1386713.84,1386713.84,22851.86,41474.3,186.01,28999.21,11873.11,7031.36,,Japan
511,Japan,2001,1257384.56,1358715.51,1358715.51,19462.34,40248.04,195.05,25481.03,9878.47,6066.02,,Japan
512,Japan,2002,1294399.2,1390331.14,1390331.14,16236.29,39471.6,271.72,25017.41,9199.44,5735.48,,Japan
513,Japan,2003,1299490.61,1392702.15,1392702.15,16228.32,37561.3,299.14,24862.27,8854.21,5406.31,,Japan
514,Japan,2004,1298433.89,1389593.19,1389593.19,12420.81,39000.21,367.36,24895.58,9216.64,5258.7,,Japan
515,Japan,2005,1305938.82,1397101.82,1397101.82,12781.74,38938.22,1249.87,24516.81,8623.35,5053.01,,Japan
516,Japan,2006,1285177.84,1377861.94,1377861.94,14626.96,38194.76,1093.43,24541.27,8998.78,5228.9,,Japan
517,Japan,2007,1319799.19,1412795.07,1412795.07,16707.07,38451.22,1210.12,23977.17,7916.85,4733.45,,Japan
518,Japan,2008,1235455.81,1327168.53,1327168.53,19284.82,38239.05,1173.16,23095.12,5743.4,4177.17,,Japan
519,Japan,2009,1162606.19,1251003.58,1251003.58,20937.11,37169.97,1166.68,22630.14,4046.87,2446.63,,Japan
520,Japan,2010,1212970.23,1304902.64,1304902.64,23304.97,38272.26,1369.46,22312.32,4249.54,2423.87,,Japan
521,Japan,2011,1261862.94,1354616.01,1354616.01,26071.2,37281.7,1561.3,21835.79,3755.45,2247.64,,Japan
522,Japan,2012,1296186.36,1390339.97,1390339.97,29348.39,36452.82,1255.57,21425.97,3436.33,2234.54,,Japan
523,Japan,2013,1311509.15,1407883.23,1407883.23,32087.66,36065.69,1360.96,21477.9,3280.06,2101.81,,Japan
524,Japan,2014,1265490.61,1363862.31,1363862.31,35784.94,35481.87,830.72,20848.33,3361.43,2064.41,,Japan
525,Latvia,1990,19794.29,26397.4,26353.97,,3671.26,,2888.42,,,,Latvia
526,Latvia,1991,18021.2,24414.17,24373.12,,3618.13,,2733.79,,,,Latvia
527,Latvia,1992,14244.65,19621.76,19583.51,,3127.74,,2211.11,,,,Latvia
528,Latvia,1993,11966.15,16186.04,16149.86,,2399.59,,1784.12,,,,Latvia
529,Latvia,1994,10399.14,14279.71,14244.25,,2221.66,,1623.45,,,,Latvia
530,Latvia,1995,9141.35,12859.16,12824.99,11.5,2195.31,,1476.64,,0.17,,Latvia
531,Latvia,1996,9216.38,12908.46,12876.02,12.59,2149.66,,1497.21,,0.18,,Latvia
532,Latvia,1997,8677.55,12343.19,12312.71,12.73,2114.38,,1507.69,,0.37,,Latvia
533,Latvia,1998,8300.6,11831.07,11802.14,15.33,2020.45,,1465.25,,0.52,,Latvia
534,Latvia,1999,7709.05,11037.64,11009.66,17.07,1886.83,,1396.0,,0.71,,Latvia
535,Latvia,2000,7069.94,10460.68,10434.29,20.46,1922.68,,1420.33,,0.88,,Latvia
536,Latvia,2001,7480.5,11060.08,11034.15,23.92,2011.13,,1517.21,,1.39,,Latvia
537,Latvia,2002,7508.74,11032.01,11005.66,27.2,1988.24,,1478.85,,2.62,,Latvia
538,Latvia,2003,7703.77,11185.66,11164.6,31.18,1894.33,,1532.56,,2.76,,Latvia
539,Latvia,2004,7709.46,11175.6,11155.28,47.54,1871.49,,1523.55,,3.25,,Latvia
540,Latvia,2005,7790.4,11395.93,11374.3,63.48,1929.45,,1587.19,,3.78,,Latvia
541,Latvia,2006,8289.21,11911.37,11894.92,98.09,1906.51,,1597.04,,4.07,,Latvia
542,Latvia,2007,8610.26,12376.98,12359.04,123.59,1967.58,,1653.07,,4.55,,Latvia
543,Latvia,2008,8184.97,11953.99,11936.77,142.02,1962.6,,1641.94,,5.23,,Latvia
544,Latvia,2009,7443.29,11233.81,11217.47,152.14,1944.0,,1670.71,,7.33,,Latvia
545,Latvia,2010,8524.09,12373.12,12357.47,164.42,1949.62,,1711.99,,7.35,,Latvia
546,Latvia,2011,7807.66,11634.57,11624.15,184.97,1897.77,,1726.28,,7.47,,Latvia
547,Latvia,2012,7521.12,11526.21,11513.9,190.21,1971.19,,1823.61,,7.78,,Latvia
548,Latvia,2013,7353.22,11450.93,11435.77,204.35,2010.24,,1859.45,,8.5,,Latvia
549,Latvia,2014,7158.72,11393.29,11373.09,212.06,2082.21,,1911.52,,8.58,,Latvia
550,Liechtenstein,1990,198.78,,229.18,0.0,19.54,,10.86,,,,Liechtenstein
551,Liechtenstein,1991,206.15,,236.65,0.01,19.43,,11.07,0.0,,,Liechtenstein
552,Liechtenstein,1992,206.78,,236.88,0.09,19.04,,10.97,0.0,,,Liechtenstein
553,Liechtenstein,1993,214.87,,244.01,0.2,18.21,,10.73,0.0,,,Liechtenstein
554,Liechtenstein,1994,200.96,,230.58,0.51,18.41,,10.69,0.0,,,Liechtenstein
555,Liechtenstein,1995,204.06,,234.32,1.35,18.31,,10.6,0.0,,,Liechtenstein
556,Liechtenstein,1996,205.81,,236.83,1.72,18.74,,10.56,0.0,,,Liechtenstein
557,Liechtenstein,1997,218.24,,249.34,2.11,18.42,,10.57,0.0,,,Liechtenstein
558,Liechtenstein,1998,229.12,,260.34,2.73,18.24,,10.25,0.0,,,Liechtenstein
559,Liechtenstein,1999,226.45,,257.4,3.34,17.6,,9.99,0.01,0.0,,Liechtenstein
560,Liechtenstein,2000,216.75,,248.17,4.1,17.37,,9.85,0.01,0.09,,Liechtenstein
561,Liechtenstein,2001,214.59,,247.66,4.94,18.04,,9.91,0.02,0.17,,Liechtenstein
562,Liechtenstein,2002,219.95,,254.08,5.47,18.35,,10.05,0.02,0.24,,Liechtenstein
563,Liechtenstein,2003,229.27,,264.28,6.13,18.55,,10.05,0.04,0.25,,Liechtenstein
564,Liechtenstein,2004,229.3,,264.91,6.96,18.62,,9.72,0.05,0.26,,Liechtenstein
565,Liechtenstein,2005,228.97,,265.83,7.36,19.31,,9.86,0.07,0.26,,Liechtenstein
566,Liechtenstein,2006,231.22,,269.24,7.81,20.03,,10.04,0.08,0.06,,Liechtenstein
567,Liechtenstein,2007,200.92,,240.18,8.49,20.46,,10.1,0.08,0.11,,Liechtenstein
568,Liechtenstein,2008,219.7,,260.35,9.19,20.75,,10.28,0.08,0.35,,Liechtenstein
569,Liechtenstein,2009,205.59,,245.76,9.34,20.47,,10.15,0.07,0.14,,Liechtenstein
570,Liechtenstein,2010,191.05,,231.23,10.25,19.93,,9.91,0.07,0.02,,Liechtenstein
571,Liechtenstein,2011,177.09,,218.61,10.77,20.37,,10.3,0.06,0.01,,Liechtenstein
572,Liechtenstein,2012,185.63,,228.19,11.5,20.78,,10.22,0.06,0.0,,Liechtenstein
573,Liechtenstein,2013,192.86,,234.91,11.95,19.9,,9.96,0.06,0.17,,Liechtenstein
574,Liechtenstein,2014,161.54,,204.42,12.15,20.6,,9.97,0.04,0.12,,Liechtenstein
575,Lithuania,1990,35812.89,48190.28,48190.28,,7006.66,,5370.73,,,,Lithuania
576,Lithuania,1991,37908.61,50233.77,50233.77,,6680.69,,5644.47,,,,Lithuania
577,Lithuania,1992,21207.89,30446.82,30446.82,,5540.79,,3698.15,,,,Lithuania
578,Lithuania,1993,16347.17,24548.3,24548.3,0.03,4970.27,,3230.84,,,,Lithuania
579,Lithuania,1994,15765.41,23234.58,23234.58,0.09,4532.41,,2936.66,,,,Lithuania
580,Lithuania,1995,15022.54,22400.51,22400.51,6.21,4396.41,,2975.29,,0.05,,Lithuania
581,Lithuania,1996,15676.83,23468.24,23468.24,7.68,4357.38,,3426.29,,0.05,,Lithuania
582,Lithuania,1997,15086.29,22971.11,22971.11,10.22,4333.21,,3541.31,,0.08,,Lithuania
583,Lithuania,1998,15901.52,23901.38,23901.38,13.9,4166.84,,3818.61,,0.51,,Lithuania
584,Lithuania,1999,13422.15,21233.07,21233.07,17.5,3973.12,,3819.76,,0.54,,Lithuania
585,Lithuania,2000,11801.96,19605.28,19605.28,22.08,3764.72,,4015.79,,0.72,,Lithuania
586,Lithuania,2001,12507.97,20565.4,20565.4,28.59,3818.4,,4209.78,,0.66,,Lithuania
587,Lithuania,2002,12614.43,20985.95,20985.95,36.41,3879.04,,4455.33,,0.75,,Lithuania
588,Lithuania,2003,12605.24,21203.01,21203.01,47.88,3926.6,,4620.94,,2.35,,Lithuania
589,Lithuania,2004,13185.49,21984.41,21984.41,69.1,3910.37,,4818.3,,1.15,,Lithuania
590,Lithuania,2005,13946.88,23036.14,23036.14,90.31,3927.75,,5069.49,,1.7,,Lithuania
591,Lithuania,2006,14303.03,23378.45,23378.45,120.02,3945.66,,5008.2,,1.54,,Lithuania
592,Lithuania,2007,15624.08,25352.35,25352.35,155.89,3828.72,,5742.42,,1.25,,Lithuania
593,Lithuania,2008,14963.25,24394.53,24394.53,194.55,3812.13,,5421.12,,3.47,,Lithuania
594,Lithuania,2009,12727.12,19935.92,19935.92,216.11,3708.39,,3281.24,,3.05,,Lithuania
595,Lithuania,2010,13618.91,20755.13,20755.13,259.52,3672.49,,3198.22,,5.99,,Lithuania
596,Lithuania,2011,13919.02,21254.46,21254.46,306.54,3505.34,,3515.82,,7.74,,Lithuania
597,Lithuania,2012,13975.52,21112.68,21112.68,351.03,3520.26,,3261.87,,3.99,,Lithuania
598,Lithuania,2013,12987.82,19850.83,19850.83,405.15,3420.27,0.06,3031.22,,6.32,,Lithuania
599,Lithuania,2014,12732.8,19777.75,19777.75,449.48,3464.71,0.29,3124.49,,5.98,,Lithuania
600,Luxembourg,1990,11944.01,,12853.45,0.0,619.8,,288.77,,0.88,,Luxembourg
601,Luxembourg,1991,12467.51,,13396.88,0.0,626.98,,301.41,,0.98,,Luxembourg
602,Luxembourg,1992,12253.57,,13176.72,13.68,617.19,,291.2,,1.08,,Luxembourg
603,Luxembourg,1993,12375.51,,13292.75,14.7,616.16,,285.21,,1.19,,Luxembourg
604,Luxembourg,1994,11560.57,,12458.94,15.98,597.96,,283.13,,1.3,,Luxembourg
605,Luxembourg,1995,9155.85,,10071.31,17.9,610.77,,285.39,,1.39,,Luxembourg
606,Luxembourg,1996,9217.19,,10141.6,19.63,616.67,,286.55,,1.56,,Luxembourg
607,Luxembourg,1997,8530.75,,9455.51,22.05,614.09,,286.93,,1.7,,Luxembourg
608,Luxembourg,1998,7619.36,,8545.13,24.45,609.24,,290.33,,1.74,,Luxembourg
609,Luxembourg,1999,7986.16,,8914.07,26.25,612.36,,287.48,,1.83,,Luxembourg
610,Luxembourg,2000,8798.18,,9722.34,28.98,605.3,,287.95,,1.93,,Luxembourg
611,Luxembourg,2001,9311.92,,10226.98,32.85,605.29,,274.38,,2.54,,Luxembourg
612,Luxembourg,2002,10068.14,,10987.55,35.65,602.57,,278.04,,3.15,,Luxembourg
613,Luxembourg,2003,10443.38,,11347.59,37.93,589.47,,273.07,,3.73,,Luxembourg
614,Luxembourg,2004,11871.11,,12791.63,39.99,583.99,,292.26,,4.28,,Luxembourg
615,Luxembourg,2005,12130.91,,13030.08,38.99,581.19,,274.12,,4.85,,Luxembourg
616,Luxembourg,2006,11995.82,,12887.27,41.88,576.54,,267.76,,5.27,,Luxembourg
617,Luxembourg,2007,11398.71,,12302.98,46.46,586.53,,265.6,,5.69,,Luxembourg
618,Luxembourg,2008,11245.87,,12162.59,48.81,594.57,,267.23,,6.1,,Luxembourg
619,Luxembourg,2009,10725.52,,11642.93,49.67,596.06,,265.18,,6.49,,Luxembourg
620,Luxembourg,2010,11285.03,,12219.96,52.33,605.39,,270.34,,6.87,,Luxembourg
621,Luxembourg,2011,11168.51,,12088.03,55.19,579.16,,277.86,,7.31,,Luxembourg
622,Luxembourg,2012,10872.06,,11769.92,57.53,567.56,,265.07,,7.68,,Luxembourg
623,Luxembourg,2013,10303.04,,11213.2,61.17,571.51,,269.44,,8.05,,Luxembourg
624,Luxembourg,2014,9826.25,,10775.63,66.08,578.85,,296.01,,8.44,,Luxembourg
625,Malta,1990,1860.47,2000.25,2000.25,,78.28,,61.49,,0.01,,Malta
626,Malta,1991,2041.25,2189.16,2189.16,,83.84,,64.06,,0.01,,Malta
627,Malta,1992,2174.63,2333.94,2333.94,,91.67,,66.2,,1.43,,Malta
628,Malta,1993,2252.06,2422.71,2422.71,,100.16,,69.05,,1.43,,Malta
629,Malta,1994,2302.77,2483.69,2483.69,0.0,107.98,,71.5,,1.43,,Malta
630,Malta,1995,2313.22,2500.69,2500.69,0.0,112.68,,73.35,,1.44,,Malta
631,Malta,1996,2329.18,2518.24,2518.24,0.0,114.74,,72.87,,1.45,,Malta
632,Malta,1997,2331.95,2530.06,2530.06,0.0,121.81,,74.84,,1.45,,Malta
633,Malta,1998,2338.06,2524.14,2524.14,0.01,113.97,,70.64,,1.47,,Malta
634,Malta,1999,2418.56,2610.25,2610.25,0.01,118.22,,72.0,,1.47,,Malta
635,Malta,2000,2414.28,2625.81,2625.81,3.72,130.42,,75.92,,1.47,,Malta
636,Malta,2001,2550.6,2769.12,2769.12,9.69,132.21,,75.13,,1.49,,Malta
637,Malta,2002,2464.21,2687.48,2687.48,14.66,133.25,,73.86,,1.5,,Malta
638,Malta,2003,2666.13,2893.03,2893.03,17.35,134.61,,72.87,,2.06,,Malta
639,Malta,2004,2604.74,2845.5,2845.5,27.54,139.92,,71.75,,1.54,,Malta
640,Malta,2005,2736.31,2999.16,2999.16,41.12,149.1,,71.07,,1.56,,Malta
641,Malta,2006,2776.31,3090.68,3090.68,78.49,161.8,,72.5,,1.57,,Malta
642,Malta,2007,2831.64,3176.83,3176.83,95.58,173.26,,74.76,0.0,1.58,,Malta
643,Malta,2008,2822.41,3182.28,3182.28,111.71,174.4,,72.02,0.0,1.75,,Malta
644,Malta,2009,2684.52,3073.96,3073.96,132.77,185.94,,69.23,0.0,1.5,,Malta
645,Malta,2010,2690.52,3098.81,3098.81,144.5,196.62,,65.48,0.0,1.69,,Malta
646,Malta,2011,2785.9,3211.71,3211.71,167.74,185.96,,67.51,0.0,4.59,,Malta
647,Malta,2012,2868.64,3324.5,3324.5,200.93,186.65,,67.83,0.0,0.45,,Malta
648,Malta,2013,2476.07,2953.96,2953.96,218.33,188.68,,68.2,0.0,2.68,,Malta
649,Malta,2014,2483.54,2982.64,2982.64,233.78,196.51,,68.23,0.0,0.58,,Malta
650,Monaco,1990,95.39,99.41,99.41,0.38,1.78,,1.65,,0.22,,Monaco
651,Monaco,1991,96.15,100.37,100.37,0.39,1.67,,1.94,,0.22,,Monaco
652,Monaco,1992,101.74,105.94,105.94,0.44,1.42,,2.06,,0.27,,Monaco
653,Monaco,1993,100.88,105.05,105.05,0.45,1.11,,2.35,,0.26,,Monaco
654,Monaco,1994,101.87,106.07,106.07,0.51,0.85,,2.58,,0.26,,Monaco
655,Monaco,1995,98.99,103.77,103.77,0.7,1.27,,2.69,,0.12,,Monaco
656,Monaco,1996,102.32,108.2,108.2,1.5,1.35,,2.92,,0.12,,Monaco
657,Monaco,1997,101.08,106.72,106.72,1.51,0.86,,3.15,,0.12,,Monaco
658,Monaco,1998,99.82,106.49,106.49,2.31,1.08,,3.16,,0.12,,Monaco
659,Monaco,1999,100.66,108.52,108.52,2.61,1.85,,3.28,,0.12,,Monaco
660,Monaco,2000,98.32,109.69,109.69,5.67,2.1,,3.48,,0.12,,Monaco
661,Monaco,2001,98.55,107.97,107.97,3.6,1.9,,3.72,0.09,0.11,,Monaco
662,Monaco,2002,98.16,108.35,108.35,4.68,1.66,,3.66,0.07,0.12,,Monaco
663,Monaco,2003,95.3,106.13,106.13,5.3,1.86,,3.51,0.04,0.12,,Monaco
664,Monaco,2004,90.2,102.04,102.04,6.18,2.17,,3.38,0.05,0.07,,Monaco
665,Monaco,2005,88.75,101.11,101.11,6.65,2.28,,3.23,0.08,0.11,,Monaco
666,Monaco,2006,82.12,94.28,94.28,5.84,2.61,,3.5,0.09,0.12,,Monaco
667,Monaco,2007,82.72,97.86,97.86,7.87,2.65,,4.42,0.08,0.11,,Monaco
668,Monaco,2008,81.38,95.86,95.86,7.83,2.18,,4.34,0.02,0.11,,Monaco
669,Monaco,2009,77.77,91.18,91.18,7.84,1.02,,4.42,0.02,0.11,,Monaco
670,Monaco,2010,75.47,90.15,90.15,8.03,2.2,,4.33,,0.11,,Monaco
671,Monaco,2011,71.88,86.73,86.73,8.99,1.52,,4.23,,0.11,,Monaco
672,Monaco,2012,75.17,90.75,90.75,8.28,2.77,,4.43,,0.11,,Monaco
673,Monaco,2013,74.43,91.26,91.26,9.54,2.76,,4.42,,0.11,,Monaco
674,Netherlands,1990,162497.56,222182.48,221516.17,5606.33,32906.22,,17636.51,2662.85,206.7,,Netherlands
675,Netherlands,1991,171081.47,229981.12,229354.55,4366.07,33327.38,,17814.31,2639.59,125.72,,Netherlands
676,Netherlands,1992,170975.24,230665.36,230078.54,5621.29,32902.23,,18043.08,2402.66,134.04,,Netherlands
677,Netherlands,1993,171497.89,231885.95,231338.87,6311.62,32645.97,,18310.8,2432.35,140.24,,Netherlands
678,Netherlands,1994,175008.7,235538.78,235031.44,8159.28,31549.13,,17794.09,2340.79,179.45,,Netherlands
679,Netherlands,1995,173196.3,232179.19,231711.59,7570.53,30736.12,,17667.76,2279.92,260.96,,Netherlands
680,Netherlands,1996,182573.58,243054.33,242613.34,9590.24,29941.64,,17701.23,2535.61,271.03,,Netherlands
681,Netherlands,1997,175487.97,235568.93,235154.54,10188.47,28986.58,,17427.55,2764.94,299.04,,Netherlands
682,Netherlands,1998,176617.17,235646.03,235258.25,11549.21,27791.98,,16848.78,2174.66,276.44,,Netherlands
683,Netherlands,1999,171228.11,222262.49,221901.3,5973.6,26493.87,,16173.36,1766.14,266.22,,Netherlands
684,Netherlands,2000,172059.81,220250.17,219915.59,4713.27,25342.17,,15638.74,1902.81,258.79,,Netherlands
685,Netherlands,2001,177037.4,220117.42,219830.08,1811.47,24252.48,,14662.0,1791.82,274.91,,Netherlands
686,Netherlands,2002,176462.4,218138.87,217864.64,1926.8,22787.51,,13849.94,2613.01,224.98,,Netherlands
687,Netherlands,2003,179867.89,218174.54,217929.51,1684.24,21683.42,,13732.04,764.44,197.48,,Netherlands
688,Netherlands,2004,181546.26,219308.11,219075.22,1801.65,20966.33,,14171.06,370.48,219.44,,Netherlands
689,Netherlands,2005,177540.47,214444.9,214192.53,1618.73,20384.71,,14078.91,365.99,203.72,,Netherlands
690,Netherlands,2006,172772.89,209389.01,209150.6,1862.22,20009.32,,13985.15,351.24,169.78,,Netherlands
691,Netherlands,2007,173178.42,208328.35,208086.5,1989.6,19995.22,,12339.87,426.89,156.5,,Netherlands
692,Netherlands,2008,176174.42,207659.63,207431.2,2082.44,20131.53,,8558.1,328.27,156.45,,Netherlands
693,Netherlands,2009,170796.16,201898.38,201690.82,2174.83,19915.91,,8349.95,308.38,145.59,,Netherlands
694,Netherlands,2010,182529.79,213760.31,213523.12,2484.84,19991.02,,8049.92,313.77,153.78,,Netherlands
695,Netherlands,2011,169792.14,200033.68,199800.72,2244.17,19508.81,,7855.25,275.2,125.17,,Netherlands
696,Netherlands,2012,165665.02,195295.94,195068.68,2191.5,19178.51,,7672.69,188.45,172.51,,Netherlands
697,Netherlands,2013,165475.88,195039.41,194825.15,2234.13,19166.69,,7684.82,143.76,119.87,,Netherlands
698,Netherlands,2014,157789.58,187056.88,186845.43,2241.16,18771.51,,7815.38,93.21,134.59,,Netherlands
699,New Zealand,1990,25419.77,65828.38,65828.38,,32157.59,,7326.59,909.93,14.5,,New Zealand
700,New Zealand,1991,26108.06,66822.62,66822.62,,32407.47,,7388.33,903.75,15.0,,New Zealand
701,New Zealand,1992,28099.7,67999.5,67999.5,0.04,32085.96,,7336.14,461.88,15.78,,New Zealand
702,New Zealand,1993,27697.23,67631.73,67631.73,0.17,32212.75,,7495.33,210.16,16.1,,New Zealand
703,New Zealand,1994,27879.06,68816.58,68816.58,18.55,32947.74,,7768.46,186.18,16.6,,New Zealand
704,New Zealand,1995,28143.46,69641.42,69641.42,57.85,33311.65,,7961.71,149.74,17.01,,New Zealand
705,New Zealand,1996,29368.26,71834.46,71834.46,128.11,34018.12,,8041.92,261.32,16.74,,New Zealand
706,New Zealand,1997,31363.45,74637.99,74637.99,132.51,34701.38,,8202.51,220.67,17.46,,New Zealand
707,New Zealand,1998,29927.5,72205.14,72205.14,156.01,33956.07,,8032.43,116.95,16.19,,New Zealand
708,New Zealand,1999,31523.19,74264.34,74264.34,255.98,34329.41,,8071.73,68.67,15.37,,New Zealand
709,New Zealand,2000,32355.96,76384.69,76384.69,252.9,35269.02,,8429.22,67.61,9.99,,New Zealand
710,New Zealand,2001,34581.72,79058.62,79058.62,307.6,35437.35,,8651.7,70.61,9.64,,New Zealand
711,New Zealand,2002,34768.28,79617.0,79617.0,485.42,35417.19,,8852.7,79.23,14.18,,New Zealand
712,New Zealand,2003,36497.17,82021.59,82021.59,651.09,35658.53,,9074.81,123.28,16.71,,New Zealand
713,New Zealand,2004,36063.66,81648.83,81648.83,680.69,35664.04,,9116.34,102.87,21.23,,New Zealand
714,New Zealand,2005,37645.43,83666.29,83666.29,745.64,35965.98,,9221.8,69.38,18.06,,New Zealand
715,New Zealand,2006,37519.1,83696.75,83696.75,838.07,36072.42,,9150.64,101.83,14.68,,New Zealand
716,New Zealand,2007,36651.37,81157.88,81157.88,967.31,34736.45,,8735.59,53.16,14.0,,New Zealand
717,New Zealand,2008,37674.05,81020.65,81020.65,1045.85,33678.61,,8562.96,45.12,14.04,,New Zealand
718,New Zealand,2009,34806.4,78624.7,78624.7,1095.8,34150.69,,8498.48,54.84,18.49,,New Zealand
719,New Zealand,2010,35017.24,78942.29,78942.29,1162.57,34057.87,,8638.07,47.39,19.15,,New Zealand
720,New Zealand,2011,34366.58,78941.52,78941.52,1479.43,34235.49,,8808.48,35.15,16.39,,New Zealand
721,New Zealand,2012,35621.03,80890.36,80890.36,1474.59,34720.82,,9007.09,47.46,19.38,,New Zealand
722,New Zealand,2013,35094.29,80298.33,80298.33,1518.45,34615.5,,9003.29,48.13,18.67,,New Zealand
723,New Zealand,2014,35616.99,81104.43,81104.43,1517.23,34813.01,,9065.96,73.41,17.83,,New Zealand
724,Norway,1990,35694.82,51921.77,51921.77,0.04,6032.68,,4200.89,3894.8,2098.54,,Norway
725,Norway,1991,34070.98,49586.89,49586.89,9.91,6021.96,,4043.88,3456.7,1983.46,,Norway
726,Norway,1992,34833.25,47778.63,47778.63,19.95,6109.91,,3505.71,2637.22,672.58,,Norway
727,Norway,1993,36520.78,49802.78,49802.78,31.64,6189.1,,3709.23,2648.27,703.76,,Norway
728,Norway,1994,38434.77,51704.42,51704.42,49.88,6257.23,,3782.44,2342.53,837.57,,Norway
729,Norway,1995,38464.91,51411.15,51411.15,92.3,6147.24,,3812.83,2314.05,579.82,,Norway
730,Norway,1996,41586.71,54411.1,54411.1,130.01,6209.68,,3829.4,2107.62,547.68,,Norway
731,Norway,1997,41683.13,54333.95,54333.95,191.94,6202.65,,3820.35,1882.7,553.17,,Norway
732,Norway,1998,41939.04,54499.02,54499.02,244.45,6004.51,,3905.75,1711.98,693.29,,Norway
733,Norway,1999,42691.76,55476.44,55476.44,316.37,5901.22,,4133.39,1599.97,833.74,,Norway
734,Norway,2000,42194.62,54883.38,54883.38,383.59,5966.44,,3928.86,1518.45,891.41,,Norway
735,Norway,2001,43530.35,56145.0,56145.0,473.59,5998.57,,3856.44,1531.26,754.79,,Norway
736,Norway,2002,42655.87,55060.5,55060.5,578.47,5845.22,,4094.82,1658.79,227.34,,Norway
737,Norway,2003,43906.71,55665.89,55665.89,557.83,5977.83,,3955.05,1051.11,217.37,,Norway
738,Norway,2004,44320.0,56214.01,56214.01,597.3,5923.48,,4093.13,1016.75,263.34,,Norway
739,Norway,2005,43548.23,55291.62,55291.62,614.39,5714.28,,4161.72,955.32,297.67,,Norway
740,Norway,2006,43913.74,55071.69,55071.69,678.09,5587.78,,3830.67,859.08,202.33,,Norway
741,Norway,2007,45842.81,56966.35,56966.35,715.38,5717.37,,3666.87,951.19,72.73,,Norway
742,Norway,2008,44893.09,55440.98,55440.98,806.14,5562.02,,3221.35,895.99,62.39,,Norway
743,Norway,2009,43212.09,52699.85,52699.85,856.15,5484.39,,2650.25,438.35,58.63,,Norway
744,Norway,2010,45833.89,55299.1,55299.1,1064.6,5522.61,,2567.69,238.39,71.91,,Norway
745,Norway,2011,44946.87,54308.64,54308.64,1105.89,5377.99,,2557.33,262.64,57.92,,Norway
746,Norway,2012,44553.97,53872.31,53872.31,1140.97,5344.42,,2574.9,200.51,57.55,,Norway
747,Norway,2013,44309.06,53585.63,53585.63,1155.1,5341.83,,2537.99,181.04,60.62,,Norway
748,Norway,2014,43869.45,53190.61,53190.61,1187.55,5369.15,,2530.79,178.92,54.74,,Norway
749,Poland,1990,378782.54,472995.97,472995.97,,67064.04,,27007.52,141.87,,,Poland
750,Poland,1991,375684.16,462432.79,462432.79,,64062.61,,22544.71,141.31,,,Poland
751,Poland,1992,365865.16,447713.5,447713.5,,60719.25,,20994.46,134.63,,,Poland
752,Poland,1993,366427.66,448350.91,448350.91,,59798.56,,21979.84,144.86,,,Poland
753,Poland,1994,362012.96,443218.56,443218.56,,59184.82,,21854.74,152.78,13.27,,Poland
754,Poland,1995,363885.78,445272.75,445272.75,97.34,58255.23,,22833.31,171.97,29.12,,Poland
755,Poland,1996,377308.6,458480.44,458480.44,228.41,57780.89,,22977.67,161.07,23.8,,Poland
756,Poland,1997,368415.85,448855.48,448855.48,373.93,56997.5,,22871.92,173.36,22.91,,Poland
757,Poland,1998,339145.83,415621.32,415621.32,462.23,53196.21,,22618.26,174.86,23.94,,Poland
758,Poland,1999,329380.9,404031.19,404031.19,673.38,51883.11,,21901.58,168.71,23.5,,Poland
759,Poland,2000,319120.41,392275.76,392275.76,1280.83,49402.95,,22271.83,176.68,23.07,,Poland
760,Poland,2001,315274.09,389931.34,389931.34,1839.67,50166.7,,22430.68,197.34,22.86,,Poland
761,Poland,2002,307535.64,379645.91,379645.91,2420.26,48140.69,,21318.71,207.33,23.29,,Poland
762,Poland,2003,320230.17,393065.57,393065.57,2992.33,48078.13,,21543.16,201.08,20.72,,Poland
763,Poland,2004,324279.45,397602.77,397602.77,3647.55,47387.97,,22060.36,205.07,22.36,,Poland
764,Poland,2005,323372.58,397413.93,397413.93,4471.06,47127.61,,22228.47,187.41,26.8,,Poland
765,Poland,2006,336500.58,411535.54,411535.54,5140.55,46921.47,,22746.17,193.58,33.2,,Poland
766,Poland,2007,336268.11,411240.34,411240.34,5742.3,45463.69,,23550.46,184.63,31.16,,Poland
767,Poland,2008,329338.17,403146.51,403146.51,6088.81,44522.53,,23001.01,163.12,32.87,,Poland
768,Poland,2009,315937.97,384946.33,384946.33,6098.2,42979.95,,19874.64,17.97,37.6,,Poland
769,Poland,2010,334026.15,403598.93,403598.93,6782.77,43166.37,,19571.19,17.07,35.37,,Poland
770,Poland,2011,333713.65,403271.36,403271.36,7449.61,42128.02,,19924.84,16.22,39.02,,Poland
771,Poland,2012,326597.79,396983.55,396983.55,7720.45,42588.03,,20019.95,15.41,41.92,,Poland
772,Poland,2013,322440.49,393091.87,393091.87,8091.92,42357.11,,20140.19,14.64,47.54,,Poland
773,Poland,2014,310307.3,380037.57,380037.57,8586.93,41330.22,,19746.42,13.9,52.79,,Poland
774,Portugal,1990,45809.07,60552.01,60398.2,,10599.48,,3989.65,,,,Portugal
775,Portugal,1991,47406.84,62349.68,62206.58,,10834.93,,3964.81,,,,Portugal
776,Portugal,1992,51850.57,66979.84,66816.65,,11025.0,,3941.08,,,,Portugal
777,Portugal,1993,50502.12,65623.29,65464.52,,11040.82,,3921.57,,,,Portugal
778,Portugal,1994,51303.2,66935.86,66762.67,,11493.16,,3966.3,,,,Portugal
779,Portugal,1995,55134.33,71368.42,71202.11,35.42,11863.02,,4155.41,,13.93,,Portugal
780,Portugal,1996,52348.47,68834.18,68671.38,59.05,11866.52,,4382.94,,14.4,,Portugal
781,Portugal,1997,55454.21,72195.82,72026.03,100.88,12071.41,,4383.97,0.09,15.46,,Portugal
782,Portugal,1998,59976.21,77195.23,77024.51,146.23,12531.48,,4354.33,0.43,15.83,,Portugal
783,Portugal,1999,67612.81,85194.99,85022.26,211.77,12743.77,,4436.61,0.77,16.53,,Portugal
784,Portugal,2000,66411.33,83930.84,83759.26,281.22,12639.44,,4409.53,1.13,16.61,,Portugal
785,Portugal,2001,66113.76,83843.33,83704.62,365.11,12958.88,,4247.5,1.51,17.87,,Portugal
786,Portugal,2002,69954.49,88155.88,88027.73,481.23,13270.32,,4301.61,1.91,18.16,,Portugal
787,Portugal,2003,64697.3,82929.54,82799.33,616.71,13510.79,,3950.55,2.34,21.64,,Portugal
788,Portugal,2004,67458.16,85995.07,85857.97,731.41,13521.27,,4117.79,2.8,26.54,,Portugal
789,Portugal,2005,70034.53,88584.43,88450.05,906.37,13508.04,,3971.17,3.3,26.63,,Portugal
790,Portugal,2006,65465.42,83555.49,83422.61,1087.6,13004.41,,3832.75,3.99,28.44,,Portugal
791,Portugal,2007,62791.15,81099.95,80963.19,1320.69,12799.63,,4015.59,4.74,31.38,,Portugal
792,Portugal,2008,60550.04,78734.12,78598.9,1569.11,12553.9,,3889.92,5.58,30.36,,Portugal
793,Portugal,2009,58004.2,75935.9,75810.72,1763.34,12448.64,,3554.79,6.61,33.14,,Portugal
794,Portugal,2010,53583.89,71333.6,71202.02,1909.74,12108.02,,3557.75,7.93,34.69,,Portugal
795,Portugal,2011,52150.65,69774.22,69653.82,2050.62,12123.97,,3289.28,9.05,30.24,,Portugal
796,Portugal,2012,50262.42,67681.25,67558.67,2165.8,11798.73,,3288.15,10.18,33.38,,Portugal
797,Portugal,2013,48495.55,65884.86,65752.06,2309.5,11560.47,,3340.19,11.36,35.0,,Portugal
798,Portugal,2014,48353.69,65747.82,65620.01,2439.31,11374.16,,3409.62,12.59,30.65,,Portugal
799,Romania,1990,174731.89,254999.12,254999.12,0.18,62314.76,,15496.66,2455.17,0.47,,Romania
800,Romania,1991,143586.61,208477.42,208477.42,0.29,51601.71,,11034.74,2253.56,0.52,,Romania
801,Romania,1992,132732.91,190934.82,190934.82,0.45,45874.77,,10757.22,1568.98,0.49,,Romania
802,Romania,1993,124819.1,182011.07,182011.07,0.73,44116.84,,11438.42,1635.47,0.52,,Romania
803,Romania,1994,122610.78,178107.9,178107.9,1.2,43060.83,,10704.26,1730.09,0.74,,Romania
804,Romania,1995,128587.0,185010.51,185010.51,2.53,43002.29,,11359.75,2057.96,0.98,,Romania
805,Romania,1996,131939.69,187475.72,187475.72,4.72,42560.87,,10916.34,2052.55,1.54,,Romania
806,Romania,1997,123515.85,175492.33,175492.33,10.36,39362.63,,10529.21,2072.87,1.41,,Romania
807,Romania,1998,106813.98,155283.13,155283.13,23.88,37069.32,,9339.91,2034.53,1.51,,Romania
808,Romania,1999,90443.35,136767.73,136767.73,39.73,35542.59,,8879.86,1860.49,1.7,,Romania
809,Romania,2000,95190.9,142404.67,142404.67,70.82,36291.13,,9343.81,1499.32,8.68,,Romania
810,Romania,2001,100377.99,149257.93,149257.93,112.87,38303.84,,9237.23,1211.66,14.33,,Romania
811,Romania,2002,100655.31,148022.89,148022.89,168.16,37815.83,,8538.5,832.99,12.1,,Romania
812,Romania,2003,105737.48,153271.4,153271.4,228.75,37762.3,,9227.78,304.54,10.54,,Romania
813,Romania,2004,104575.08,151877.02,151877.02,293.93,36332.71,,10507.34,153.86,14.1,,Romania
814,Romania,2005,102414.25,149329.23,149329.23,368.91,36102.06,,10333.06,95.28,15.67,,Romania
815,Romania,2006,106175.99,151431.56,151431.56,484.2,35480.88,,9202.3,64.06,24.13,,Romania
816,Romania,2007,104540.35,148708.18,148708.18,665.63,34257.49,,9186.65,28.18,29.88,,Romania
817,Romania,2008,101035.42,143548.87,143548.87,946.95,33537.55,,7977.25,17.87,33.83,,Romania
818,Romania,2009,85288.29,125528.06,125528.06,924.42,31949.29,,7310.86,8.16,47.03,,Romania
819,Romania,2010,80795.77,119124.98,119124.98,982.46,29750.67,,7526.23,9.13,60.71,,Romania
820,Romania,2011,86163.63,124264.62,124264.62,1092.24,29103.71,,7844.48,12.72,47.83,,Romania
821,Romania,2012,84661.23,122666.95,122666.95,1197.43,29612.04,,7138.06,7.43,50.76,,Romania
822,Romania,2013,74083.36,111933.9,111933.9,1298.59,29191.88,,7296.71,6.15,57.2,,Romania
823,Romania,2014,74046.47,111612.81,111612.81,1373.28,29101.5,,7033.44,6.34,51.78,,Romania
824,Russian Federation,1990,2589725.31,3767555.04,3767555.04,35937.16,942383.46,,183239.56,15122.41,1147.15,,Russia
825,Russian Federation,1991,2433187.65,3535600.02,3535600.02,34229.66,875196.16,,175740.26,16204.11,1042.19,,Russia
826,Russian Federation,1992,2013175.48,3002768.8,3002768.8,28192.14,794953.16,,151404.31,14706.1,337.6,,Russia
827,Russian Federation,1993,1909577.84,2809294.52,2809294.52,18278.41,737770.86,,129170.89,14334.65,161.88,,Russia
828,Russian Federation,1994,1685494.55,2511690.62,2511690.62,15469.64,680641.14,,116051.66,13936.47,97.16,,Russia
829,Russian Federation,1995,1629496.3,2429432.44,2429432.44,15447.32,655448.42,,115186.71,13456.59,397.11,,Russia
830,Russian Federation,1996,1581293.22,2354767.26,2354767.26,13611.08,637618.06,,109396.24,11842.6,1006.08,,Russia
831,Russian Federation,1997,1502079.87,2261183.47,2261183.47,18009.61,627871.89,,101973.72,10243.98,1004.41,,Russia
832,Russian Federation,1998,1476588.93,2229674.67,2229674.67,21834.3,614448.45,,106113.07,9883.49,806.43,,Russia
833,Russian Federation,1999,1512651.93,2261391.54,2261391.54,22672.18,615217.69,,100582.62,9617.09,650.03,,Russia
834,Russian Federation,2000,1504182.73,2274497.94,2274497.94,26569.68,634332.61,,98853.75,9894.72,664.46,,Russia
835,Russian Federation,2001,1542500.06,2334066.89,2334066.89,25208.81,661581.71,,94903.77,9045.44,827.1,,Russia
836,Russian Federation,2002,1531200.21,2342532.91,2342532.91,19302.07,689309.21,,94511.39,7313.25,896.77,,Russia
837,Russian Federation,2003,1568510.14,2422097.79,2422097.79,14612.75,737661.37,,93531.84,6731.21,1050.47,,Russia
838,Russian Federation,2004,1575180.86,2471236.41,2471236.41,18416.22,777315.96,,92492.54,6651.69,1179.13,,Russia
839,Russian Federation,2005,1593933.34,2501637.91,2501637.91,19813.79,790311.94,,89955.42,6345.05,1278.36,,Russia
840,Russian Federation,2006,1653289.19,2574412.01,2574412.01,18026.71,806182.56,,90062.73,5552.35,1298.46,,Russia
841,Russian Federation,2007,1653139.06,2584309.06,2584309.06,16858.0,817694.59,,90272.17,5017.83,1327.42,,Russia
842,Russian Federation,2008,1684999.82,2616463.55,2616463.55,17934.28,819537.11,,88292.29,4907.41,792.64,,Russia
843,Russian Federation,2009,1576703.97,2481987.79,2481987.79,12514.11,799070.5,,89567.15,3377.83,754.24,,Russia
844,Russian Federation,2010,1662592.26,2602483.43,2602483.43,13421.61,827300.15,,94899.41,3633.21,636.79,,Russia
845,Russian Federation,2011,1717221.95,2665179.26,2665179.26,11309.9,842543.99,,90299.5,3317.94,485.97,,Russia
846,Russian Federation,2012,1727489.1,2700925.24,2700925.24,17648.85,852552.48,,94665.83,3327.86,5241.11,,Russia
847,Russian Federation,2013,1666644.42,2643064.6,2643064.6,21503.25,856648.07,,89940.23,3419.5,4909.13,,Russia
848,Russian Federation,2014,1671568.65,2648873.35,2648873.35,24149.07,859101.07,,90157.23,3097.9,799.43,,Russia
849,Slovakia,1990,61837.57,74271.51,74271.51,,7121.28,,4997.74,314.86,0.06,,Slovakia
850,Slovakia,1991,53447.44,64644.53,64644.53,,6887.86,,3999.47,309.73,0.04,,Slovakia
851,Slovakia,1992,48979.13,59204.28,59204.28,,6553.88,,3383.0,288.24,0.04,,Slovakia
852,Slovakia,1993,46467.55,55689.28,55689.28,,6155.27,,2886.05,180.32,0.09,,Slovakia
853,Slovakia,1994,43638.49,53053.3,53053.3,0.2,5988.54,,3255.22,153.23,17.62,,Slovakia
854,Slovakia,1995,44679.54,54405.58,54405.58,10.49,6132.91,,3439.84,132.65,10.15,,Slovakia
855,Slovakia,1996,44978.91,54706.07,54706.07,22.23,6049.61,,3603.42,40.72,11.16,,Slovakia
856,Slovakia,1997,45040.27,54396.94,54396.94,32.39,5749.46,,3523.2,40.16,11.47,,Slovakia
857,Slovakia,1998,44016.99,52993.84,52993.84,42.62,5708.47,,3184.02,29.1,12.65,,Slovakia
858,Slovakia,1999,43181.31,51700.43,51700.43,61.63,5657.97,,2770.59,16.27,12.64,,Slovakia
859,Slovakia,2000,41155.01,49712.48,49712.48,84.73,5422.74,,3022.05,14.91,13.04,,Slovakia
860,Slovakia,2001,43468.09,52127.67,52127.67,112.83,5358.11,,3159.28,16.02,13.33,,Slovakia
861,Slovakia,2002,41593.53,50144.76,50144.76,146.23,5237.54,,3135.49,17.18,14.78,,Slovakia
862,Slovakia,2003,42060.55,50586.58,50586.58,175.02,5138.51,,3170.99,26.45,15.06,,Slovakia
863,Slovakia,2004,42576.96,51315.16,51315.16,208.94,5183.93,,3306.27,23.63,15.43,,Slovakia
864,Slovakia,2005,42581.02,51287.37,51287.37,240.67,5184.37,,3240.77,24.16,16.38,,Slovakia
865,Slovakia,2006,42320.48,51206.91,51206.91,282.67,5028.69,,3515.89,42.47,16.71,,Slovakia
866,Slovakia,2007,40725.3,49405.07,49405.07,325.44,4894.01,,3413.5,29.42,17.39,,Slovakia
867,Slovakia,2008,41236.32,50088.74,50088.74,386.23,5120.16,,3284.42,42.76,18.85,,Slovakia
868,Slovakia,2009,37433.43,45557.63,45557.63,441.63,4668.55,,2973.51,21.0,19.51,,Slovakia
869,Slovakia,2010,38385.94,46482.87,46482.87,529.68,4707.52,,2815.09,25.01,19.62,,Slovakia
870,Slovakia,2011,37880.85,45604.02,45604.02,521.86,4788.51,,2371.89,20.11,20.8,,Slovakia
871,Slovakia,2012,35867.9,43175.59,43175.59,530.05,4408.5,,2322.24,25.66,21.24,,Slovakia
872,Slovakia,2013,35395.15,42792.48,42792.48,535.19,4555.87,,2274.15,9.81,22.3,,Slovakia
873,Slovakia,2014,33387.43,40657.6,40657.6,546.02,4363.29,,2335.55,11.15,14.17,,Slovakia
874,Slovenia,1990,15088.31,18616.45,18616.45,,2471.36,,839.36,207.59,9.83,,Slovenia
875,Slovenia,1991,14007.28,17311.53,17311.53,,2384.37,,780.83,129.4,9.64,,Slovenia
876,Slovenia,1992,14009.4,17410.07,17410.07,,2429.88,,832.94,128.18,9.67,,Slovenia
877,Slovenia,1993,14303.99,17605.54,17605.54,,2353.83,,808.92,128.25,10.54,,Slovenia
878,Slovenia,1994,14648.73,18004.45,18004.45,,2350.49,,866.21,128.18,10.84,,Slovenia
879,Slovenia,1995,15277.74,18761.02,18761.02,35.83,2378.69,,928.48,128.14,12.13,,Slovenia
880,Slovenia,1996,15945.18,19440.24,19440.24,34.8,2338.37,,981.35,127.67,12.88,,Slovenia
881,Slovenia,1997,16275.56,19794.47,19794.47,41.33,2331.42,,1004.71,128.19,13.25,,Slovenia
882,Slovenia,1998,15980.48,19520.39,19520.39,37.69,2370.5,,990.86,128.08,12.77,,Slovenia
883,Slovenia,1999,15353.07,18892.8,18892.8,36.74,2373.46,,985.87,128.29,15.36,,Slovenia
884,Slovenia,2000,15460.15,19126.23,19126.23,50.04,2459.13,,1012.15,129.75,15.01,,Slovenia
885,Slovenia,2001,16384.76,20010.72,20010.72,62.46,2422.02,,996.86,129.26,15.37,,Slovenia
886,Slovenia,2002,16526.31,20159.9,20159.9,78.61,2515.79,,887.58,135.07,16.54,,Slovenia
887,Slovenia,2003,16289.39,19878.25,19878.25,107.95,2471.37,,853.01,139.44,17.09,,Slovenia
888,Slovenia,2004,16639.17,20198.45,20198.45,130.2,2449.21,,821.7,140.69,17.47,,Slovenia
889,Slovenia,2005,16938.32,20522.74,20522.74,156.15,2437.58,,830.56,142.13,18.0,,Slovenia
890,Slovenia,2006,17129.8,20694.97,20694.97,184.28,2391.74,,836.96,134.26,17.93,,Slovenia
891,Slovenia,2007,17272.38,20831.84,20831.84,210.77,2391.91,,839.31,99.68,17.79,,Slovenia
892,Slovenia,2008,18219.73,21523.55,21523.55,230.52,2247.93,,793.1,14.74,17.54,,Slovenia
893,Slovenia,2009,16328.21,19595.37,19595.37,248.39,2207.16,,789.16,5.24,17.2,,Slovenia
894,Slovenia,2010,16363.43,19618.76,19618.76,263.91,2187.9,,775.92,9.64,17.97,,Slovenia
895,Slovenia,2011,16348.24,19626.46,19626.46,278.73,2182.15,,779.05,20.16,18.14,,Slovenia
896,Slovenia,2012,15800.19,19035.42,19035.42,291.48,2127.71,,781.0,18.11,16.94,,Slovenia
897,Slovenia,2013,15148.73,18313.78,18313.78,301.92,2080.23,,751.64,15.31,15.95,,Slovenia
898,Slovenia,2014,13489.98,16582.31,16582.31,323.82,1978.92,,758.84,15.22,15.52,,Slovenia
899,Spain,1990,230154.96,,280600.88,3039.92,29575.35,,16602.66,1164.38,63.61,,Spain
900,Spain,1991,239725.18,,289476.64,2756.35,29619.81,,16218.46,1087.13,69.71,,Spain
901,Spain,1992,248407.16,,298659.6,3494.58,30128.94,,15529.66,1026.32,72.94,,Spain
902,Spain,1993,239938.29,,288520.51,2856.56,30056.57,,14526.19,1065.88,77.02,,Spain
903,Spain,1994,252389.35,,304844.42,4373.88,30913.13,,16044.96,1038.45,84.65,,Spain
904,Spain,1995,265725.35,,320181.56,5872.42,31370.41,,16057.08,1055.37,100.93,,Spain
905,Spain,1996,253708.87,,311936.63,6546.41,32667.37,,17900.42,1002.13,111.43,,Spain
906,Spain,1997,266391.93,,326262.2,7722.72,33553.52,,17415.77,1025.74,152.53,,Spain
907,Spain,1998,274911.1,,335964.18,7771.82,34044.21,,18135.41,943.53,158.12,,Spain
908,Spain,1999,298531.03,,362590.99,9815.81,34269.92,,18949.32,856.92,167.98,,Spain
909,Spain,2000,311599.72,,378646.32,11430.35,35247.71,,19684.73,496.12,187.68,,Spain
910,Spain,2001,312395.4,,375789.69,8120.98,36310.63,,18524.95,274.56,163.18,,Spain
911,Spain,2002,332200.84,,393826.08,6739.28,36482.14,,17941.18,282.23,180.41,,Spain
912,Spain,2003,336672.42,,401269.36,8535.7,36826.72,,18787.92,270.26,176.33,,Spain
913,Spain,2004,353472.61,,416918.89,8863.41,36137.97,,17983.47,261.64,199.78,,Spain
914,Spain,2005,368745.07,,431628.87,9753.37,35576.24,,17128.69,212.89,212.6,,Spain
915,Spain,2006,360063.34,,424564.73,10936.96,35804.81,,17328.95,198.65,232.01,,Spain
916,Spain,2007,367292.28,,433400.56,11660.92,36422.1,,17598.53,188.29,238.43,,Spain
917,Spain,2008,335994.8,,402316.75,14335.52,35588.35,,15970.88,182.19,245.0,,Spain
918,Spain,2009,296617.99,,365530.28,15493.07,37270.51,,15794.32,123.12,231.26,,Spain
919,Spain,2010,283581.4,,353724.69,18197.09,35291.21,,16311.83,108.26,234.9,,Spain
920,Spain,2011,283918.68,,353872.24,18523.61,35615.14,,15482.33,93.33,239.15,,Spain
921,Spain,2012,279830.31,,348556.43,18793.61,34614.99,,15039.61,57.91,220.01,,Spain
922,Spain,2013,252259.69,,320122.04,17904.06,34043.96,,15629.73,70.75,213.86,,Spain
923,Spain,2014,253466.92,,321744.07,17053.32,34450.65,,16499.63,66.11,207.44,,Spain
924,Sweden,1990,57546.54,71917.26,71917.26,4.6,7989.91,,5840.75,433.72,101.73,,Sweden
925,Sweden,1991,57755.63,72041.25,72041.25,9.36,7989.38,,5746.49,437.69,102.69,,Sweden
926,Sweden,1992,57482.06,71527.05,71527.05,11.82,8083.24,,5557.17,290.18,102.58,,Sweden
927,Sweden,1993,57425.95,71807.19,71807.19,38.43,8078.74,,5830.19,334.54,99.35,,Sweden
928,Sweden,1994,59877.0,74231.49,74231.49,87.02,7989.15,,5813.5,358.45,106.37,,Sweden
929,Sweden,1995,59318.67,74029.36,74029.36,149.18,7882.65,,6148.13,395.55,135.19,,Sweden
930,Sweden,1996,63238.79,77574.1,77574.1,235.27,7839.93,,5793.83,349.41,116.88,,Sweden
931,Sweden,1997,58154.53,72772.3,72772.3,352.79,7776.31,,6006.2,322.87,159.59,,Sweden
932,Sweden,1998,58733.41,73085.86,73085.86,435.27,7594.95,,5897.18,313.83,111.22,,Sweden
933,Sweden,1999,55861.22,70181.7,70181.7,549.65,7404.1,,5909.75,335.77,121.21,,Sweden
934,Sweden,2000,54730.42,68868.77,68868.77,631.37,7192.46,,5918.67,277.06,118.78,,Sweden
935,Sweden,2001,55686.75,69192.12,69192.12,683.19,7126.72,,5301.23,271.45,122.78,,Sweden
936,Sweden,2002,56631.9,70160.78,70160.78,743.11,6905.54,,5459.52,301.11,119.6,,Sweden
937,Sweden,2003,57203.6,70601.36,70601.36,790.72,6697.66,,5526.47,297.78,85.13,,Sweden
938,Sweden,2004,56428.8,69582.44,69582.44,856.75,6731.72,,5178.18,292.3,94.69,,Sweden
939,Sweden,2005,53859.21,66968.3,66968.3,880.32,6559.36,,5222.35,295.47,151.59,,Sweden
940,Sweden,2006,53697.66,66923.42,66923.42,913.25,6455.73,,5457.4,286.76,112.64,,Sweden
941,Sweden,2007,52911.73,65372.65,65372.65,937.99,6198.32,,4893.0,294.24,137.38,,Sweden
942,Sweden,2008,50831.58,63121.12,63121.12,968.04,5936.88,,5042.77,269.0,72.85,,Sweden
943,Sweden,2009,47267.45,59052.76,59052.76,973.2,5805.54,,4890.34,46.23,70.01,,Sweden
944,Sweden,2010,53057.73,64997.09,64997.09,950.24,5687.88,,5053.51,184.82,62.91,,Sweden
945,Sweden,2011,49133.59,60987.15,60987.15,915.23,5564.03,,5106.58,212.95,54.77,,Sweden
946,Sweden,2012,46559.64,57578.36,57578.36,869.97,5377.21,,4640.93,78.28,52.34,,Sweden
947,Sweden,2013,44899.15,55939.52,55939.52,838.55,5277.93,,4831.68,51.0,41.21,,Sweden
948,Sweden,2014,43404.9,54382.74,54382.74,807.11,5158.27,,4884.13,81.7,46.62,,Sweden
949,Switzerland,1990,44115.53,53719.98,53307.76,0.02,6086.29,,2852.38,116.52,137.01,,Switzerland
950,Switzerland,1991,46144.81,55639.72,55253.57,1.59,6023.59,,2845.88,98.51,139.21,,Switzerland
951,Switzerland,1992,45974.7,55328.42,54970.35,15.68,5943.52,,2814.45,80.61,141.39,,Switzerland
952,Switzerland,1993,43556.28,52653.14,52327.8,32.79,5835.38,,2748.12,34.7,120.53,,Switzerland
953,Switzerland,1994,42613.3,51621.02,51324.72,81.68,5783.91,,2718.08,20.87,106.89,,Switzerland
954,Switzerland,1995,43368.46,52478.76,52204.75,245.9,5776.09,,2703.57,17.49,93.23,,Switzerland
955,Switzerland,1996,44088.33,53186.29,52933.06,297.55,5736.94,,2699.74,20.42,90.07,,Switzerland
956,Switzerland,1997,42971.62,51912.01,51677.57,361.69,5594.11,,2604.88,21.03,124.24,,Switzerland
957,Switzerland,1998,44522.37,53492.75,53279.43,456.53,5523.55,,2600.54,23.83,152.61,,Switzerland
958,Switzerland,1999,44354.54,53236.27,53037.6,530.46,5422.28,,2564.81,25.58,139.91,,Switzerland
959,Switzerland,2000,43545.96,52503.41,52315.75,625.94,5388.97,,2561.2,49.9,143.79,,Switzerland
960,Switzerland,2001,45002.28,54082.87,53905.41,723.99,5429.09,,2577.45,27.82,144.78,,Switzerland
961,Switzerland,2002,43373.99,52481.14,52318.09,803.18,5395.27,,2554.43,32.87,158.36,,Switzerland
962,Switzerland,2003,44587.98,53687.27,53537.54,898.48,5317.73,,2507.1,61.67,164.58,,Switzerland
963,Switzerland,2004,45149.67,54308.74,54173.67,1020.51,5285.85,,2466.25,65.31,186.09,,Switzerland
964,Switzerland,2005,45778.09,54987.57,54858.05,1071.19,5302.88,,2458.51,44.19,203.19,,Switzerland
965,Switzerland,2006,45351.17,54609.76,54481.56,1118.3,5316.96,,2457.95,51.53,185.64,,Switzerland
966,Switzerland,2007,43360.39,52679.96,52555.34,1193.91,5296.65,,2483.67,49.11,171.6,,Switzerland
967,Switzerland,2008,44676.94,54210.03,54084.45,1243.1,5375.41,0.08,2508.84,57.91,222.16,,Switzerland
968,Switzerland,2009,43509.09,52900.82,52776.29,1253.07,5292.03,5.1,2474.37,62.99,179.65,,Switzerland
969,Switzerland,2010,45027.06,54498.09,54373.08,1329.36,5271.58,8.45,2524.08,64.57,147.98,,Switzerland
970,Switzerland,2011,40973.15,50420.47,50296.3,1410.15,5206.27,6.22,2473.2,67.78,159.53,,Switzerland
971,Switzerland,2012,42241.55,51759.67,51637.52,1489.05,5164.96,0.36,2461.36,71.33,208.91,,Switzerland
972,Switzerland,2013,43181.66,52641.22,52519.99,1513.19,5095.05,0.09,2425.57,51.96,252.46,,Switzerland
973,Switzerland,2014,39265.05,48737.87,48617.08,1500.98,5095.07,0.4,2452.85,43.88,258.84,,Switzerland
974,Turkey,1990,146750.64,207773.32,207773.32,,43820.36,,16509.56,692.77,,,Turkey
975,Turkey,1991,152335.17,214128.32,214128.32,,44842.01,,16096.6,854.54,,,Turkey
976,Turkey,1992,158571.55,220797.14,220797.14,,44659.26,,16784.42,781.92,,,Turkey
977,Turkey,1993,167443.15,230629.0,230629.0,,44556.55,,17842.71,786.58,,,Turkey
978,Turkey,1994,164623.55,224719.24,224719.24,,44126.26,,15275.77,693.65,,,Turkey
979,Turkey,1995,178812.41,239039.79,239039.79,,43881.32,,15753.18,592.88,,,Turkey
980,Turkey,1996,194751.78,256657.08,256657.08,,44230.78,,16720.6,597.28,356.64,,Turkey
981,Turkey,1997,208480.07,269942.5,269942.5,,43353.85,,16932.29,593.33,582.97,,Turkey
982,Turkey,1998,208365.34,271755.93,271755.93,,43468.35,,18699.09,593.87,629.28,,Turkey
983,Turkey,1999,206388.62,271357.96,271357.96,,44984.17,,18901.07,591.07,493.03,,Turkey
984,Turkey,2000,232549.19,296810.84,296810.84,115.66,44821.5,,18425.08,591.38,308.03,,Turkey
985,Turkey,2001,217469.5,278784.95,278784.95,232.0,44029.5,,16167.48,592.2,294.26,,Turkey
986,Turkey,2002,226365.41,287094.57,287094.57,417.19,42186.58,,17074.65,595.92,454.81,,Turkey
987,Turkey,2003,240902.46,303694.42,303694.42,628.8,43383.36,,17727.11,595.33,457.37,,Turkey
988,Turkey,2004,253172.08,316893.71,316893.71,909.37,42957.66,,18581.67,600.78,672.14,,Turkey
989,Turkey,2005,279130.74,345231.79,345231.79,1146.88,44591.04,,18983.96,559.97,819.2,,Turkey
990,Turkey,2006,302195.95,371320.55,371320.55,1424.19,46145.68,,20235.5,450.06,869.18,,Turkey
991,Turkey,2007,333166.42,403392.49,403392.49,1713.19,48509.6,,19094.98,,908.29,,Turkey
992,Turkey,2008,323536.55,393100.91,393100.91,1896.14,49560.39,,17303.54,,804.29,,Turkey
993,Turkey,2009,310580.7,382513.42,382513.42,2111.28,49378.73,,19676.22,,766.49,,Turkey
994,Turkey,2010,320356.66,395282.51,395282.51,3054.34,51415.14,,19620.89,,835.48,,Turkey
995,Turkey,2011,338094.41,415868.81,415868.81,3432.69,53909.35,,19525.88,,906.49,,Turkey
996,Turkey,2012,363126.01,447452.33,447452.33,4256.86,58027.01,,21116.02,,926.43,,Turkey
997,Turkey,2013,354961.04,438819.58,438819.58,4470.25,56177.47,,23210.82,,,,Turkey
998,Turkey,2014,382213.4,467550.38,467550.38,4916.55,57137.71,,23282.71,,,,Turkey
999,Ukraine,1990,693024.77,937954.2,937954.2,,189322.96,,55370.65,235.82,0.01,,Ukraine
1000,Ukraine,1991,621305.24,853207.75,853207.75,,181262.05,,50452.25,188.2,0.02,,Ukraine
1001,Ukraine,1992,577064.26,795446.96,795446.96,,171038.15,,47202.17,142.35,0.03,,Ukraine
1002,Ukraine,1993,498504.84,705376.58,705376.58,,162409.13,,44318.98,143.57,0.06,,Ukraine
1003,Ukraine,1994,409721.67,600339.98,600339.98,,152153.9,,38303.12,161.22,0.06,,Ukraine
1004,Ukraine,1995,380871.28,557047.94,557047.94,,140557.06,,35441.46,178.06,0.07,,Ukraine
1005,Ukraine,1996,344347.19,511686.63,511686.63,,136462.53,,30733.6,143.24,0.07,,Ukraine
1006,Ukraine,1997,334208.7,496219.98,496219.98,6.43,130581.38,,31276.34,146.99,0.13,,Ukraine
1007,Ukraine,1998,309207.66,464400.03,464400.03,12.51,127849.32,,27209.71,120.64,0.19,,Ukraine
1008,Ukraine,1999,284109.57,437037.55,437037.55,13.29,127576.18,,25236.4,101.81,0.31,,Ukraine
1009,Ukraine,2000,271429.77,413923.44,413923.44,20.01,118474.58,,23882.93,115.74,0.42,,Ukraine
1010,Ukraine,2001,290774.71,433832.55,433832.55,28.67,116709.22,,26207.41,112.08,0.46,,Ukraine
1011,Ukraine,2002,281939.35,417502.69,417502.69,63.8,109282.7,,26117.11,98.66,1.07,,Ukraine
1012,Ukraine,2003,285720.48,417556.11,417556.11,104.32,108659.24,,22992.93,77.15,1.99,,Ukraine
1013,Ukraine,2004,296753.73,427912.42,427912.42,185.5,105294.38,,25582.4,93.34,3.08,,Ukraine
1014,Ukraine,2005,307341.48,435660.66,435660.66,282.58,102337.83,,25551.97,142.33,4.47,,Ukraine
1015,Ukraine,2006,325586.62,452089.76,452089.76,398.82,100145.05,,25843.83,111.16,4.27,,Ukraine
1016,Ukraine,2007,330087.25,455267.44,455267.44,558.44,99448.15,,25013.69,154.71,5.2,,Ukraine
1017,Ukraine,2008,317063.84,442172.38,442172.38,641.58,94169.7,,30113.67,174.24,9.34,,Ukraine
1018,Ukraine,2009,269598.42,384651.79,384651.79,659.81,87087.77,,27242.48,53.95,9.37,,Ukraine
1019,Ukraine,2010,287113.61,401929.09,401929.09,738.98,86107.83,,27932.3,26.67,9.71,,Ukraine
1020,Ukraine,2011,301273.5,421635.99,421635.99,810.65,85863.58,,33679.85,,8.41,,Ukraine
1021,Ukraine,2012,295706.06,409531.35,409531.35,828.41,80865.7,,32120.19,,10.99,,Ukraine
1022,Ukraine,2013,287436.4,401066.97,401066.97,868.55,76562.53,,36186.94,,12.54,,Ukraine
1023,Ukraine,2014,247561.22,354347.54,354347.54,834.76,70341.5,,35593.65,,16.41,,Ukraine
1024,United Kingdom,1990,596398.47,,800107.49,14391.43,137607.98,0.42,48778.61,1651.53,1279.06,,United Kingdom
1025,United Kingdom,1991,604652.9,,809506.79,14991.05,138188.48,0.48,48970.21,1385.14,1318.54,,United Kingdom
1026,United Kingdom,1992,589306.02,,789105.26,15597.63,137621.81,0.55,44530.65,690.35,1358.25,,United Kingdom
1027,United Kingdom,1993,574764.75,,769256.78,16505.69,135765.42,0.63,40434.66,602.73,1182.9,,United Kingdom
1028,United Kingdom,1994,569458.36,,758318.47,17593.43,128718.7,0.73,40712.42,611.4,1223.44,,United Kingdom
1029,United Kingdom,1995,561202.95,,752463.92,19096.09,130927.7,0.83,39375.03,596.94,1264.37,,United Kingdom
1030,United Kingdom,1996,582752.78,,774225.78,20249.44,130231.72,0.96,39088.81,596.36,1305.7,,United Kingdom
1031,United Kingdom,1997,557608.78,,749518.8,23105.01,127791.87,1.1,39228.84,503.12,1280.08,,United Kingdom
1032,United Kingdom,1998,561253.72,,746962.02,20075.15,124554.19,1.27,39255.25,493.73,1328.72,,United Kingdom
1033,United Kingdom,1999,553827.55,,716299.41,11466.71,119677.35,1.46,29354.68,473.96,1497.7,,United Kingdom
1034,United Kingdom,2000,561280.87,,717578.79,9883.84,114951.35,1.69,29046.58,596.79,1817.67,,United Kingdom
1035,United Kingdom,2001,570697.03,,721026.37,10891.36,109992.68,1.03,27504.58,485.59,1454.1,,United Kingdom
1036,United Kingdom,2002,554227.64,,701004.69,11388.35,107770.76,1.03,25713.46,408.23,1495.23,,United Kingdom
1037,United Kingdom,2003,565475.52,,708085.03,12830.74,102618.54,0.95,25481.89,356.61,1320.77,,United Kingdom
1038,United Kingdom,2004,566598.16,,704090.1,11944.91,97862.75,0.59,26133.06,433.85,1116.77,,United Kingdom
1039,United Kingdom,2005,563783.54,,696041.64,13180.7,92488.44,0.29,25147.51,385.15,1056.02,,United Kingdom
1040,United Kingdom,2006,562083.09,,690320.99,14103.92,88581.94,0.29,24281.18,387.67,882.91,,United Kingdom
1041,United Kingdom,2007,553719.94,,678011.62,14562.77,84539.02,0.28,24066.0,287.84,835.78,,United Kingdom
1042,United Kingdom,2008,539916.16,,657980.87,15066.74,78550.17,0.27,23498.44,266.25,682.84,,United Kingdom
1043,United Kingdom,2009,489012.5,,599556.77,15796.44,72125.32,0.26,21832.32,197.33,592.61,,United Kingdom
1044,United Kingdom,2010,507595.71,,614166.74,16716.07,66694.94,0.27,22186.54,287.71,685.51,,United Kingdom
1045,United Kingdom,2011,464885.75,,565989.02,15235.31,63739.89,0.3,21105.77,416.94,605.06,,United Kingdom
1046,United Kingdom,2012,484388.09,,582946.59,15794.76,60961.91,0.33,20963.79,255.06,582.65,,United Kingdom
1047,United Kingdom,2013,475832.05,,570078.53,16177.98,56195.51,0.36,21072.69,318.74,481.2,,United Kingdom
1048,United Kingdom,2014,434794.56,,527500.75,16422.56,53890.86,0.4,21645.9,278.31,468.16,,United Kingdom
1049,United States of America,1990,5115095.05,6397144.49,6397144.49,46288.81,773854.9,47.92,406228.53,24255.67,31080.41,293.21,United States
1050,United States of America,1991,5064879.75,6330937.89,6330937.89,41618.41,777034.22,47.92,396113.66,20912.46,29764.56,566.9,United States
1051,United States of America,1992,5170274.35,6448677.15,6448677.15,47427.66,776869.79,47.92,404052.11,19481.09,29949.82,574.41,United States
1052,United States of America,1993,5284758.62,6566415.86,6566415.86,47500.26,764089.67,59.9,420503.19,19484.62,29432.65,586.94,United States
1053,United States of America,1994,5377492.22,6650296.6,6650296.6,53246.65,770450.43,65.89,402478.93,17965.0,28004.25,593.22,United States
1054,United States of America,1995,5441599.23,6748528.93,6748528.93,71273.93,767943.41,83.24,420585.75,18640.47,26638.17,1764.73,United States
1055,United States of America,1996,5630113.72,6949838.0,6949838.0,79480.07,762203.85,92.43,428923.51,19867.54,25919.91,3236.98,United States
1056,United States of America,1997,5704996.87,6999999.1,6999999.1,89069.67,747177.11,97.68,412317.98,18267.24,24168.02,3904.52,United States
1057,United States of America,1998,5744672.2,7066788.16,7066788.16,107654.32,737821.42,119.78,433872.65,16978.6,21198.47,4470.73,United States
1058,United States of America,1999,5818972.39,7090442.61,7090442.61,104296.9,723454.87,121.54,401147.41,16910.13,20942.28,4597.1,United States
1059,United States of America,2000,5992438.04,7258973.12,7258973.12,109295.25,717473.94,205.74,401400.22,15918.78,17873.92,4367.23,United States
1060,United States of America,2001,5894462.94,7140899.14,7140899.14,104598.38,712676.76,229.04,399324.42,8245.92,17075.05,4286.62,United States
1061,United States of America,2002,5935738.78,7185328.14,7185328.14,110780.09,706330.24,556.24,400917.9,10244.08,16076.55,4684.25,United States
1062,United States of America,2003,5982289.17,7224974.03,7224974.03,102658.09,708554.52,532.76,401775.31,8170.36,15818.28,5175.55,United States
1063,United States of America,2004,6096978.36,7369970.03,7369970.03,112065.34,704886.78,551.29,428554.17,6818.16,14563.82,5552.12,United States
1064,United States of America,2005,6122746.61,7378775.5,7378775.5,114052.75,717356.2,496.07,397551.72,6677.5,14015.69,5878.95,United States
1065,United States of America,2006,6042393.61,7316144.46,7316144.46,118056.26,719580.69,701.35,410066.19,6343.26,12764.32,6238.76,United States
1066,United States of America,2007,6121653.86,7422207.96,7422207.96,129425.75,725974.64,574.87,418985.16,7774.82,11222.88,6595.97,United States
1067,United States of America,2008,5923201.38,7216415.07,7216415.07,133551.13,738889.54,595.28,396777.09,6126.23,10312.75,6961.68,United States
1068,United States of America,2009,5488320.28,6776229.77,6776229.77,131990.99,735358.7,471.8,399500.49,3926.58,9297.94,7363.01,United States
1069,United States of America,2010,5688756.01,6985457.05,6985457.05,141633.8,722410.57,562.17,410314.24,4536.22,9481.91,7762.14,United States
1070,United States of America,2011,5559507.66,6865397.9,6865397.9,146080.6,717423.69,668.93,416521.78,7026.63,9990.15,8178.47,United States
1071,United States of America,2012,5349220.95,6643010.58,6643010.58,147249.75,714401.17,631.99,409285.58,6054.95,7581.76,8584.42,United States
1072,United States of America,2013,5502550.71,6799979.3,6799979.3,149922.39,721475.06,600.34,403349.75,5858.17,7229.07,8993.81,United States
1073,United States of America,2014,5556006.58,6870446.09,6870446.09,157237.34,730828.66,490.44,403501.46,5582.94,7348.78,9449.89,United States
